0,1,2,3,4,5,6,7,8,9,10,11,12,13,14,15,16,17,18,19
0,0,0,0,0,0,0,0,0,0,0,0,0,0,1,20,54,78,74,1
0,0,0,0,0,0,0,0,0,0,0,0,0,0,1,20,54,78,74,1
0,0,0,0,0,0,0,0,0,0,0,0,0,0,1,20,54,78,74,1
0,0,0,0,0,2,4,3,10,8,16,5,22,9,7,4,6,13,7,0
0,0,0,0,0,2,4,3,10,8,16,5,22,9,7,4,6,13,7,0
0,0,0,0,0,2,4,3,10,8,16,5,22,9,7,4,6,13,7,0
0,0,0,0,0,2,4,3,10,8,16,5,22,9,7,4,6,13,7,0
0,0,0,0,0,0,0,0,3,7,13,12,21,7,8,12,10,19,26,1
0,0,0,0,0,0,0,0,3,7,13,12,21,7,8,12,10,19,26,1
0,0,0,0,0,0,0,0,3,7,13,12,21,7,8,12,10,19,26,1
0,0,0,0,0,0,0,0,3,7,13,12,21,7,8,12,10,19,26,1
0,0,0,0,0,0,2,2,10,12,19,17,33,14,19,16,30,13,15,0
0,0,0,0,0,0,2,2,10,12,19,17,33,14,19,16,30,13,15,0
0,0,0,0,0,0,2,2,10,12,19,17,33,14,19,16,30,13,15,0
0,0,0,0,0,0,2,2,10,12,19,17,33,14,19,16,30,13,15,0
0,0,0,0,0,0,2,2,10,12,19,17,33,14,19,16,30,13,15,0
0,0,0,0,0,0,2,2,10,12,19,17,33,14,19,16,30,13,15,0
0,0,0,0,0,0,2,2,10,12,19,17,33,14,19,16,30,13,15,0
0,0,0,0,0,0,2,2,10,12,19,17,33,14,19,16,30,13,15,0
19,23,20,3,11,10,8,11,10,14,13,18,18,2,9,4,11,10,15,0
19,23,20,3,11,10,8,11,10,14,13,18,18,2,9,4,11,10,15,0
19,23,20,3,11,10,8,11,10,14,13,18,18,2,9,4,11,10,15,0
19,23,20,3,11,10,8,11,10,14,13,18,18,2,9,4,11,10,15,0
19,23,20,3,11,10,8,11,10,14,13,18,18,2,9,4,11,10,15,0
19,23,20,3,11,10,8,11,10,14,13,18,18,2,9,4,11,10,15,0
19,23,20,3,11,10,8,11,10,14,13,18,18,2,9,4,11,10,15,0
19,23,20,3,11,10,8,11,10,14,13,18,18,2,9,4,11,10,15,0
19,23,20,3,11,10,8,11,10,14,13,18,18,2,9,4,11,10,15,0
19,23,20,3,11,10,8,11,10,14,13,18,18,2,9,4,11,10,15,0
19,23,20,3,11,10,8,11,10,14,13,18,18,2,9,4,11,10,15,0
19,23,20,3,11,10,8,11,10,14,13,18,18,2,9,4,11,10,15,0
19,23,20,3,11,10,8,11,10,14,13,18,18,2,9,4,11,10,15,0
19,23,20,3,11,10,8,11,10,14,13,18,18,2,9,4,11,10,15,0
10,14,11,7,7,12,2,7,6,12,11,15,11,6,6,3,4,7,6,0
10,14,11,7,7,12,2,7,6,12,11,15,11,6,6,3,4,7,6,0
10,14,11,7,7,12,2,7,6,12,11,15,11,6,6,3,4,7,6,0
10,14,11,7,7,12,2,7,6,12,11,15,11,6,6,3,4,7,6,0
10,14,11,7,7,12,2,7,6,12,11,15,11,6,6,3,4,7,6,0
10,14,11,7,7,12,2,7,6,12,11,15,11,6,6,3,4,7,6,0
10,14,11,7,7,12,2,7,6,12,11,15,11,6,6,3,4,7,6,0
10,14,11,7,7,12,2,7,6,12,11,15,11,6,6,3,4,7,6,0
10,14,11,7,7,12,2,7,6,12,11,15,11,6,6,3,4,7,6,0
10,14,11,7,7,12,2,7,6,12,11,15,11,6,6,3,4,7,6,0
22,14,11,7,21,15,19,9,13,17,12,20,18,12,14,5,8,10,6,0
22,14,11,7,21,15,19,9,13,17,12,20,18,12,14,5,8,10,6,0
22,14,11,7,21,15,19,9,13,17,12,20,18,12,14,5,8,10,6,0
22,14,11,7,21,15,19,9,13,17,12,20,18,12,14,5,8,10,6,0
22,14,11,7,21,15,19,9,13,17,12,20,18,12,14,5,8,10,6,0
22,14,11,7,21,15,19,9,13,17,12,20,18,12,14,5,8,10,6,0
22,14,11,7,21,15,19,9,13,17,12,20,18,12,14,5,8,10,6,0
22,14,11,7,21,15,19,9,13,17,12,20,18,12,14,5,8,10,6,0
22,14,11,7,21,15,19,9,13,17,12,20,18,12,14,5,8,10,6,0
22,14,11,7,21,15,19,9,13,17,12,20,18,12,14,5,8,10,6,0
22,14,11,7,21,15,19,9,13,17,12,20,18,12,14,5,8,10,6,0
22,14,11,7,21,15,19,9,13,17,12,20,18,12,14,5,8,10,6,0
22,14,11,7,21,15,19,9,13,17,12,20,18,12,14,5,8,10,6,0
22,14,11,7,21,15,19,9,13,17,12,20,18,12,14,5,8,10,6,0
0,0,0,0,0,0,0,2,3,6,8,23,11,2,4,7,11,4,18,0
0,0,0,0,0,0,0,2,3,6,8,23,11,2,4,7,11,4,18,0
0,0,0,0,0,0,0,0,10,3,18,26,11,6,11,15,17,22,13,0
0,0,0,0,0,0,0,0,10,3,18,26,11,6,11,15,17,22,13,0
0,0,0,0,0,0,0,0,10,3,18,26,11,6,11,15,17,22,13,0
0,0,0,0,0,0,0,0,10,3,18,26,11,6,11,15,17,22,13,0
0,0,0,0,0,0,0,0,10,3,18,26,11,6,11,15,17,22,13,0
0,0,0,0,0,0,0,1,7,10,13,9,7,5,15,6,16,17,17,0
0,0,0,0,0,0,0,1,7,10,13,9,7,5,15,6,16,17,17,0
0,0,0,0,0,0,0,1,7,10,13,9,7,5,15,6,16,17,17,0
0,0,0,0,0,0,1,9,10,14,16,15,8,8,11,7,6,8,9,0
0,0,0,0,0,0,1,9,10,14,16,15,8,8,11,7,6,8,9,0
0,0,0,0,0,0,1,9,10,14,16,15,8,8,11,7,6,8,9,0
0,0,0,0,0,0,1,9,10,14,16,15,8,8,11,7,6,8,9,0
0,0,0,0,0,0,1,9,10,14,16,15,8,8,11,7,6,8,9,0
0,0,0,0,0,0,1,9,10,14,16,15,8,8,11,7,6,8,9,0
0,0,0,0,0,1,6,8,9,10,19,22,21,8,10,10,12,21,25,0
0,0,0,0,0,1,6,8,9,10,19,22,21,8,10,10,12,21,25,0
0,0,0,0,0,1,6,8,9,10,19,22,21,8,10,10,12,21,25,0
0,0,0,0,0,1,6,8,9,10,19,22,21,8,10,10,12,21,25,0
0,0,0,0,0,1,6,8,9,10,19,22,21,8,10,10,12,21,25,0
0,0,0,0,0,1,6,8,9,10,19,22,21,8,10,10,12,21,25,0
0,0,0,0,0,1,6,8,9,10,19,22,21,8,10,10,12,21,25,0
0,0,0,0,0,1,6,8,9,10,19,22,21,8,10,10,12,21,25,0
0,0,0,0,0,0,0,3,8,14,17,23,16,10,8,4,13,17,11,0
0,0,0,0,0,0,0,3,8,14,17,23,16,10,8,4,13,17,11,0
0,0,0,0,0,0,0,3,8,14,17,23,16,10,8,4,13,17,11,0
0,0,0,0,0,0,0,3,8,14,17,23,16,10,8,4,13,17,11,0
0,0,0,0,0,0,0,3,8,14,17,23,16,10,8,4,13,17,11,0
0,0,0,0,0,0,0,3,8,14,17,23,16,10,8,4,13,17,11,0
0,0,0,0,0,0,0,3,8,14,17,23,16,10,8,4,13,17,11,0
0,0,0,0,0,0,1,15,16,22,17,22,17,5,22,2,22,22,42,0
0,0,0,0,0,0,1,15,16,22,17,22,17,5,22,2,22,22,42,0
0,0,0,0,0,0,1,15,16,22,17,22,17,5,22,2,22,22,42,0
0,0,0,0,0,0,1,15,16,22,17,22,17,5,22,2,22,22,42,0
0,0,0,0,0,0,1,15,16,22,17,22,17,5,22,2,22,22,42,0
0,0,0,0,0,0,1,15,16,22,17,22,17,5,22,2,22,22,42,0
0,0,0,0,0,0,1,15,16,22,17,22,17,5,22,2,22,22,42,0
0,0,0,0,0,0,1,15,16,22,17,22,17,5,22,2,22,22,42,0
0,0,0,0,0,0,1,15,16,22,17,22,17,5,22,2,22,22,42,0
0,0,0,0,2,1,9,4,8,11,10,9,11,2,3,6,7,8,6,0
0,0,0,0,2,1,9,4,8,11,10,9,11,2,3,6,7,8,6,0
0,0,0,0,2,1,9,4,8,11,10,9,11,2,3,6,7,8,6,0
0,0,0,0,0,0,1,5,4,18,15,25,11,6,9,9,20,18,10,0
0,0,0,0,0,0,1,5,4,18,15,25,11,6,9,9,20,18,10,0
0,0,0,0,0,0,1,5,4,18,15,25,11,6,9,9,20,18,10,0
0,0,0,0,0,0,1,5,4,18,15,25,11,6,9,9,20,18,10,0
0,0,0,0,0,0,1,5,4,18,15,25,11,6,9,9,20,18,10,0
0,0,0,0,0,0,1,5,4,18,15,25,11,6,9,9,20,18,10,0
0,0,0,0,0,0,1,0,8,5,4,3,13,8,9,13,20,25,28,0
0,0,0,0,0,0,1,0,8,5,4,3,13,8,9,13,20,25,28,0
0,0,0,0,0,0,1,0,8,5,4,3,13,8,9,13,20,25,28,0
0,0,0,0,0,0,0,0,1,1,5,8,16,3,7,18,27,26,35,0
0,0,0,0,0,0,0,0,1,1,5,8,16,3,7,18,27,26,35,0
0,0,0,0,0,0,0,0,1,1,5,8,16,3,7,18,27,26,35,0
0,0,0,0,0,0,0,3,6,10,6,37,33,14,19,17,23,27,26,3
0,0,0,0,0,0,0,3,6,10,6,37,33,14,19,17,23,27,26,3
0,0,0,0,0,0,0,3,6,10,6,37,33,14,19,17,23,27,26,3
0,0,0,0,0,0,0,3,6,10,6,37,33,14,19,17,23,27,26,3
0,0,0,0,0,0,0,3,6,10,6,37,33,14,19,17,23,27,26,3
0,0,0,0,0,0,0,3,6,10,6,37,33,14,19,17,23,27,26,3
0,0,0,0,0,0,0,3,6,10,6,37,33,14,19,17,23,27,26,3
0,0,0,0,0,0,0,3,6,10,6,37,33,14,19,17,23,27,26,3
0,0,0,0,0,0,0,0,0,0,0,0,20,16,8,8,19,15,12,1
0,0,0,0,0,0,0,0,0,0,0,0,20,16,8,8,19,15,12,1
7,6,7,5,8,5,6,7,9,14,10,15,4,4,7,7,6,8,11,0
7,6,7,5,8,5,6,7,9,14,10,15,4,4,7,7,6,8,11,0
7,6,7,5,8,5,6,7,9,14,10,15,4,4,7,7,6,8,11,0
7,6,7,5,8,5,6,7,9,14,10,15,4,4,7,7,6,8,11,0
7,6,7,5,8,5,6,7,9,14,10,15,4,4,7,7,6,8,11,0
7,6,7,5,8,5,6,7,9,14,10,15,4,4,7,7,6,8,11,0
7,6,7,5,8,5,6,7,9,14,10,15,4,4,7,7,6,8,11,0
7,6,7,5,8,5,6,7,9,14,10,15,4,4,7,7,6,8,11,0
7,6,7,5,8,5,6,7,9,14,10,15,4,4,7,7,6,8,11,0
31,34,28,11,36,16,34,10,21,27,24,27,15,3,12,5,17,19,23,2
31,34,28,11,36,16,34,10,21,27,24,27,15,3,12,5,17,19,23,2
31,34,28,11,36,16,34,10,21,27,24,27,15,3,12,5,17,19,23,2
31,34,28,11,36,16,34,10,21,27,24,27,15,3,12,5,17,19,23,2
31,34,28,11,36,16,34,10,21,27,24,27,15,3,12,5,17,19,23,2
31,34,28,11,36,16,34,10,21,27,24,27,15,3,12,5,17,19,23,2
31,34,28,11,36,16,34,10,21,27,24,27,15,3,12,5,17,19,23,2
31,34,28,11,36,16,34,10,21,27,24,27,15,3,12,5,17,19,23,2
31,34,28,11,36,16,34,10,21,27,24,27,15,3,12,5,17,19,23,2
31,34,28,11,36,16,34,10,21,27,24,27,15,3,12,5,17,19,23,2
31,34,28,11,36,16,34,10,21,27,24,27,15,3,12,5,17,19,23,2
31,34,28,11,36,16,34,10,21,27,24,27,15,3,12,5,17,19,23,2
31,34,28,11,36,16,34,10,21,27,24,27,15,3,12,5,17,19,23,2
31,34,28,11,36,16,34,10,21,27,24,27,15,3,12,5,17,19,23,2
31,34,28,11,36,16,34,10,21,27,24,27,15,3,12,5,17,19,23,2
31,34,28,11,36,16,34,10,21,27,24,27,15,3,12,5,17,19,23,2
31,34,28,11,36,16,34,10,21,27,24,27,15,3,12,5,17,19,23,2
31,34,28,11,36,16,34,10,21,27,24,27,15,3,12,5,17,19,23,2
20,13,12,7,14,3,12,2,6,6,11,4,4,6,2,0,5,7,5,0
20,13,12,7,14,3,12,2,6,6,11,4,4,6,2,0,5,7,5,0
20,13,12,7,14,3,12,2,6,6,11,4,4,6,2,0,5,7,5,0
20,13,12,7,14,3,12,2,6,6,11,4,4,6,2,0,5,7,5,0
20,13,12,7,14,3,12,2,6,6,11,4,4,6,2,0,5,7,5,0
20,13,12,7,14,3,12,2,6,6,11,4,4,6,2,0,5,7,5,0
20,13,12,7,14,3,12,2,6,6,11,4,4,6,2,0,5,7,5,0
20,13,12,7,14,3,12,2,6,6,11,4,4,6,2,0,5,7,5,0
20,13,12,7,14,3,12,2,6,6,11,4,4,6,2,0,5,7,5,0
20,13,12,7,14,3,12,2,6,6,11,4,4,6,2,0,5,7,5,0
20,13,12,7,14,3,12,2,6,6,11,4,4,6,2,0,5,7,5,0
44,34,30,15,17,13,8,12,4,7,8,9,7,1,3,2,6,5,7,0
44,34,30,15,17,13,8,12,4,7,8,9,7,1,3,2,6,5,7,0
44,34,30,15,17,13,8,12,4,7,8,9,7,1,3,2,6,5,7,0
44,34,30,15,17,13,8,12,4,7,8,9,7,1,3,2,6,5,7,0
44,34,30,15,17,13,8,12,4,7,8,9,7,1,3,2,6,5,7,0
44,34,30,15,17,13,8,12,4,7,8,9,7,1,3,2,6,5,7,0
44,34,30,15,17,13,8,12,4,7,8,9,7,1,3,2,6,5,7,0
44,34,30,15,17,13,8,12,4,7,8,9,7,1,3,2,6,5,7,0
44,34,30,15,17,13,8,12,4,7,8,9,7,1,3,2,6,5,7,0
44,34,30,15,17,13,8,12,4,7,8,9,7,1,3,2,6,5,7,0
44,34,30,15,17,13,8,12,4,7,8,9,7,1,3,2,6,5,7,0
44,34,30,15,17,13,8,12,4,7,8,9,7,1,3,2,6,5,7,0
44,34,30,15,17,13,8,12,4,7,8,9,7,1,3,2,6,5,7,0
44,34,30,15,17,13,8,12,4,7,8,9,7,1,3,2,6,5,7,0
44,34,30,15,17,13,8,12,4,7,8,9,7,1,3,2,6,5,7,0
44,34,30,15,17,13,8,12,4,7,8,9,7,1,3,2,6,5,7,0
44,34,30,15,17,13,8,12,4,7,8,9,7,1,3,2,6,5,7,0
44,34,30,15,17,13,8,12,4,7,8,9,7,1,3,2,6,5,7,0
5,8,7,7,10,5,9,7,4,7,17,9,12,8,4,4,1,9,2,0
5,8,7,7,10,5,9,7,4,7,17,9,12,8,4,4,1,9,2,0
5,8,7,7,10,5,9,7,4,7,17,9,12,8,4,4,1,9,2,0
5,8,7,7,10,5,9,7,4,7,17,9,12,8,4,4,1,9,2,0
5,8,7,7,10,5,9,7,4,7,17,9,12,8,4,4,1,9,2,0
5,8,7,7,10,5,9,7,4,7,17,9,12,8,4,4,1,9,2,0
5,8,7,7,10,5,9,7,4,7,17,9,12,8,4,4,1,9,2,0
5,8,7,7,10,5,9,7,4,7,17,9,12,8,4,4,1,9,2,0
5,8,7,7,10,5,9,7,4,7,17,9,12,8,4,4,1,9,2,0
13,12,15,6,13,6,17,12,7,18,27,23,19,2,12,14,16,13,22,1
13,12,15,6,13,6,17,12,7,18,27,23,19,2,12,14,16,13,22,1
13,12,15,6,13,6,17,12,7,18,27,23,19,2,12,14,16,13,22,1
13,12,15,6,13,6,17,12,7,18,27,23,19,2,12,14,16,13,22,1
13,12,15,6,13,6,17,12,7,18,27,23,19,2,12,14,16,13,22,1
13,12,15,6,13,6,17,12,7,18,27,23,19,2,12,14,16,13,22,1
13,12,15,6,13,6,17,12,7,18,27,23,19,2,12,14,16,13,22,1
13,12,15,6,13,6,17,12,7,18,27,23,19,2,12,14,16,13,22,1
13,12,15,6,13,6,17,12,7,18,27,23,19,2,12,14,16,13,22,1
13,12,15,6,13,6,17,12,7,18,27,23,19,2,12,14,16,13,22,1
13,12,15,6,13,6,17,12,7,18,27,23,19,2,12,14,16,13,22,1
13,12,15,6,13,6,17,12,7,18,27,23,19,2,12,14,16,13,22,1
13,12,15,6,13,6,17,12,7,18,27,23,19,2,12,14,16,13,22,1
16,15,9,3,8,4,7,6,2,7,3,5,9,3,5,2,3,6,11,0
16,15,9,3,8,4,7,6,2,7,3,5,9,3,5,2,3,6,11,0
16,15,9,3,8,4,7,6,2,7,3,5,9,3,5,2,3,6,11,0
16,15,9,3,8,4,7,6,2,7,3,5,9,3,5,2,3,6,11,0
16,15,9,3,8,4,7,6,2,7,3,5,9,3,5,2,3,6,11,0
16,15,9,3,8,4,7,6,2,7,3,5,9,3,5,2,3,6,11,0
16,15,9,3,8,4,7,6,2,7,3,5,9,3,5,2,3,6,11,0
16,15,9,3,8,4,7,6,2,7,3,5,9,3,5,2,3,6,11,0
22,21,22,12,17,12,14,23,14,17,23,36,21,10,12,4,14,19,33,0
22,21,22,12,17,12,14,23,14,17,23,36,21,10,12,4,14,19,33,0
22,21,22,12,17,12,14,23,14,17,23,36,21,10,12,4,14,19,33,0
22,21,22,12,17,12,14,23,14,17,23,36,21,10,12,4,14,19,33,0
22,21,22,12,17,12,14,23,14,17,23,36,21,10,12,4,14,19,33,0
22,21,22,12,17,12,14,23,14,17,23,36,21,10,12,4,14,19,33,0
22,21,22,12,17,12,14,23,14,17,23,36,21,10,12,4,14,19,33,0
22,21,22,12,17,12,14,23,14,17,23,36,21,10,12,4,14,19,33,0
22,21,22,12,17,12,14,23,14,17,23,36,21,10,12,4,14,19,33,0
22,21,22,12,17,12,14,23,14,17,23,36,21,10,12,4,14,19,33,0
22,21,22,12,17,12,14,23,14,17,23,36,21,10,12,4,14,19,33,0
22,21,22,12,17,12,14,23,14,17,23,36,21,10,12,4,14,19,33,0
22,21,22,12,17,12,14,23,14,17,23,36,21,10,12,4,14,19,33,0
22,21,22,12,17,12,14,23,14,17,23,36,21,10,12,4,14,19,33,0
22,21,22,12,17,12,14,23,14,17,23,36,21,10,12,4,14,19,33,0
22,21,22,12,17,12,14,23,14,17,23,36,21,10,12,4,14,19,33,0
39,12,19,13,11,4,3,2,1,3,2,2,0,0,0,1,0,2,1,0
39,12,19,13,11,4,3,2,1,3,2,2,0,0,0,1,0,2,1,0
39,12,19,13,11,4,3,2,1,3,2,2,0,0,0,1,0,2,1,0
39,12,19,13,11,4,3,2,1,3,2,2,0,0,0,1,0,2,1,0
39,12,19,13,11,4,3,2,1,3,2,2,0,0,0,1,0,2,1,0
39,12,19,13,11,4,3,2,1,3,2,2,0,0,0,1,0,2,1,0
39,12,19,13,11,4,3,2,1,3,2,2,0,0,0,1,0,2,1,0
39,12,19,13,11,4,3,2,1,3,2,2,0,0,0,1,0,2,1,0
39,12,19,13,11,4,3,2,1,3,2,2,0,0,0,1,0,2,1,0
39,12,19,13,11,4,3,2,1,3,2,2,0,0,0,1,0,2,1,0
39,12,19,13,11,4,3,2,1,3,2,2,0,0,0,1,0,2,1,0
39,12,19,13,11,4,3,2,1,3,2,2,0,0,0,1,0,2,1,0
39,12,19,13,11,4,3,2,1,3,2,2,0,0,0,1,0,2,1,0
39,12,19,13,11,4,3,2,1,3,2,2,0,0,0,1,0,2,1,0
39,12,19,13,11,4,3,2,1,3,2,2,0,0,0,1,0,2,1,0
39,12,19,13,11,4,3,2,1,3,2,2,0,0,0,1,0,2,1,0
6,9,10,7,1,2,4,2,2,10,5,7,5,4,5,2,3,6,7,0
6,9,10,7,1,2,4,2,2,10,5,7,5,4,5,2,3,6,7,0
34,33,36,18,25,18,23,9,20,26,17,23,12,6,8,5,10,12,8,0
34,33,36,18,25,18,23,9,20,26,17,23,12,6,8,5,10,12,8,0
34,33,36,18,25,18,23,9,20,26,17,23,12,6,8,5,10,12,8,0
34,33,36,18,25,18,23,9,20,26,17,23,12,6,8,5,10,12,8,0
34,33,36,18,25,18,23,9,20,26,17,23,12,6,8,5,10,12,8,0
34,33,36,18,25,18,23,9,20,26,17,23,12,6,8,5,10,12,8,0
34,33,36,18,25,18,23,9,20,26,17,23,12,6,8,5,10,12,8,0
34,33,36,18,25,18,23,9,20,26,17,23,12,6,8,5,10,12,8,0
34,33,36,18,25,18,23,9,20,26,17,23,12,6,8,5,10,12,8,0
34,33,36,18,25,18,23,9,20,26,17,23,12,6,8,5,10,12,8,0
34,33,36,18,25,18,23,9,20,26,17,23,12,6,8,5,10,12,8,0
34,33,36,18,25,18,23,9,20,26,17,23,12,6,8,5,10,12,8,0
34,33,36,18,25,18,23,9,20,26,17,23,12,6,8,5,10,12,8,0
34,33,36,18,25,18,23,9,20,26,17,23,12,6,8,5,10,12,8,0
34,33,36,18,25,18,23,9,20,26,17,23,12,6,8,5,10,12,8,0
34,33,36,18,25,18,23,9,20,26,17,23,12,6,8,5,10,12,8,0
34,33,36,18,25,18,23,9,20,26,17,23,12,6,8,5,10,12,8,0
34,33,36,18,25,18,23,9,20,26,17,23,12,6,8,5,10,12,8,0
9,5,8,10,8,10,17,3,8,9,11,14,10,6,5,5,10,24,14,0
9,5,8,10,8,10,17,3,8,9,11,14,10,6,5,5,10,24,14,0
9,5,8,10,8,10,17,3,8,9,11,14,10,6,5,5,10,24,14,0
9,5,8,10,8,10,17,3,8,9,11,14,10,6,5,5,10,24,14,0
9,5,8,10,8,10,17,3,8,9,11,14,10,6,5,5,10,24,14,0
9,5,8,10,8,10,17,3,8,9,11,14,10,6,5,5,10,24,14,0
9,5,8,10,8,10,17,3,8,9,11,14,10,6,5,5,10,24,14,0
9,5,8,10,8,10,17,3,8,9,11,14,10,6,5,5,10,24,14,0
9,5,8,10,8,10,17,3,8,9,11,14,10,6,5,5,10,24,14,0
9,5,8,10,8,10,17,3,8,9,11,14,10,6,5,5,10,24,14,0
11,9,15,0,8,6,9,1,1,10,6,1,2,3,3,3,2,4,0,0
11,9,15,0,8,6,9,1,1,10,6,1,2,3,3,3,2,4,0,0
11,9,15,0,8,6,9,1,1,10,6,1,2,3,3,3,2,4,0,0
6,8,5,4,2,0,1,7,2,2,5,6,1,2,1,7,9,12,14,0
6,8,5,4,2,0,1,7,2,2,5,6,1,2,1,7,9,12,14,0
28,21,32,19,34,10,15,4,13,20,11,9,3,4,12,9,1,3,5,0
28,21,32,19,34,10,15,4,13,20,11,9,3,4,12,9,1,3,5,0
28,21,32,19,34,10,15,4,13,20,11,9,3,4,12,9,1,3,5,0
28,21,32,19,34,10,15,4,13,20,11,9,3,4,12,9,1,3,5,0
28,21,32,19,34,10,15,4,13,20,11,9,3,4,12,9,1,3,5,0
28,21,32,19,34,10,15,4,13,20,11,9,3,4,12,9,1,3,5,0
28,21,32,19,34,10,15,4,13,20,11,9,3,4,12,9,1,3,5,0
28,21,32,19,34,10,15,4,13,20,11,9,3,4,12,9,1,3,5,0
28,21,32,19,34,10,15,4,13,20,11,9,3,4,12,9,1,3,5,0
28,21,32,19,34,10,15,4,13,20,11,9,3,4,12,9,1,3,5,0
28,21,32,19,34,10,15,4,13,20,11,9,3,4,12,9,1,3,5,0
28,21,32,19,34,10,15,4,13,20,11,9,3,4,12,9,1,3,5,0
28,21,32,19,34,10,15,4,13,20,11,9,3,4,12,9,1,3,5,0
28,21,32,19,34,10,15,4,13,20,11,9,3,4,12,9,1,3,5,0
28,21,32,19,34,10,15,4,13,20,11,9,3,4,12,9,1,3,5,0
28,21,32,19,34,10,15,4,13,20,11,9,3,4,12,9,1,3,5,0
28,21,32,19,34,10,15,4,13,20,11,9,3,4,12,9,1,3,5,0
0,1,0,0,0,0,2,1,1,5,3,10,12,5,17,10,12,28,48,0
0,1,0,0,0,0,2,1,1,5,3,10,12,5,17,10,12,28,48,0
0,1,0,0,0,0,2,1,1,5,3,10,12,5,17,10,12,28,48,0
7,9,6,3,8,4,5,6,2,8,9,9,6,2,7,3,13,8,9,0
7,9,6,3,8,4,5,6,2,8,9,9,6,2,7,3,13,8,9,0
7,9,6,3,8,4,5,6,2,8,9,9,6,2,7,3,13,8,9,0
7,9,6,3,8,4,5,6,2,8,9,9,6,2,7,3,13,8,9,0
7,9,6,3,8,4,5,6,2,8,9,9,6,2,7,3,13,8,9,0
7,9,6,3,8,4,5,6,2,8,9,9,6,2,7,3,13,8,9,0
1,5,1,0,1,1,7,3,6,8,12,10,15,1,10,4,20,12,14,0
1,5,1,0,1,1,7,3,6,8,12,10,15,1,10,4,20,12,14,0
1,5,1,0,1,1,7,3,6,8,12,10,15,1,10,4,20,12,14,0
1,5,1,0,1,1,7,3,6,8,12,10,15,1,10,4,20,12,14,0
58,46,67,31,61,28,34,28,30,41,43,46,27,26,17,10,17,26,15,1
58,46,67,31,61,28,34,28,30,41,43,46,27,26,17,10,17,26,15,1
58,46,67,31,61,28,34,28,30,41,43,46,27,26,17,10,17,26,15,1
58,46,67,31,61,28,34,28,30,41,43,46,27,26,17,10,17,26,15,1
58,46,67,31,61,28,34,28,30,41,43,46,27,26,17,10,17,26,15,1
58,46,67,31,61,28,34,28,30,41,43,46,27,26,17,10,17,26,15,1
58,46,67,31,61,28,34,28,30,41,43,46,27,26,17,10,17,26,15,1
58,46,67,31,61,28,34,28,30,41,43,46,27,26,17,10,17,26,15,1
58,46,67,31,61,28,34,28,30,41,43,46,27,26,17,10,17,26,15,1
58,46,67,31,61,28,34,28,30,41,43,46,27,26,17,10,17,26,15,1
58,46,67,31,61,28,34,28,30,41,43,46,27,26,17,10,17,26,15,1
58,46,67,31,61,28,34,28,30,41,43,46,27,26,17,10,17,26,15,1
58,46,67,31,61,28,34,28,30,41,43,46,27,26,17,10,17,26,15,1
58,46,67,31,61,28,34,28,30,41,43,46,27,26,17,10,17,26,15,1
58,46,67,31,61,28,34,28,30,41,43,46,27,26,17,10,17,26,15,1
58,46,67,31,61,28,34,28,30,41,43,46,27,26,17,10,17,26,15,1
58,46,67,31,61,28,34,28,30,41,43,46,27,26,17,10,17,26,15,1
58,46,67,31,61,28,34,28,30,41,43,46,27,26,17,10,17,26,15,1
58,46,67,31,61,28,34,28,30,41,43,46,27,26,17,10,17,26,15,1
5,7,15,2,8,6,17,4,6,15,14,19,15,8,15,16,21,25,28,0
5,7,15,2,8,6,17,4,6,15,14,19,15,8,15,16,21,25,28,0
5,7,15,2,8,6,17,4,6,15,14,19,15,8,15,16,21,25,28,0
5,7,15,2,8,6,17,4,6,15,14,19,15,8,15,16,21,25,28,0
5,7,15,2,8,6,17,4,6,15,14,19,15,8,15,16,21,25,28,0
5,7,15,2,8,6,17,4,6,15,14,19,15,8,15,16,21,25,28,0
5,7,15,2,8,6,17,4,6,15,14,19,15,8,15,16,21,25,28,0
5,7,15,2,8,6,17,4,6,15,14,19,15,8,15,16,21,25,28,0
5,7,15,2,8,6,17,4,6,15,14,19,15,8,15,16,21,25,28,0
5,7,15,2,8,6,17,4,6,15,14,19,15,8,15,16,21,25,28,0
16,10,10,7,10,8,10,2,6,5,8,8,5,2,6,2,2,3,3,0
16,10,10,7,10,8,10,2,6,5,8,8,5,2,6,2,2,3,3,0
16,10,10,7,10,8,10,2,6,5,8,8,5,2,6,2,2,3,3,0
16,10,10,7,10,8,10,2,6,5,8,8,5,2,6,2,2,3,3,0
16,10,10,7,10,8,10,2,6,5,8,8,5,2,6,2,2,3,3,0
16,10,10,7,10,8,10,2,6,5,8,8,5,2,6,2,2,3,3,0
16,10,10,7,10,8,10,2,6,5,8,8,5,2,6,2,2,3,3,0
16,10,10,7,10,8,10,2,6,5,8,8,5,2,6,2,2,3,3,0
16,10,10,7,10,8,10,2,6,5,8,8,5,2,6,2,2,3,3,0
16,10,10,7,10,8,10,2,6,5,8,8,5,2,6,2,2,3,3,0
5,3,1,13,10,10,9,4,6,13,5,8,2,3,6,2,5,3,0,0
5,3,1,13,10,10,9,4,6,13,5,8,2,3,6,2,5,3,0,0
5,3,1,13,10,10,9,4,6,13,5,8,2,3,6,2,5,3,0,0
5,3,1,13,10,10,9,4,6,13,5,8,2,3,6,2,5,3,0,0
5,3,1,13,10,10,9,4,6,13,5,8,2,3,6,2,5,3,0,0
5,3,1,13,10,10,9,4,6,13,5,8,2,3,6,2,5,3,0,0
5,3,1,13,10,10,9,4,6,13,5,8,2,3,6,2,5,3,0,0
10,8,12,1,4,2,8,5,4,11,10,4,4,2,4,1,4,3,2,0
10,8,12,1,4,2,8,5,4,11,10,4,4,2,4,1,4,3,2,0
10,8,12,1,4,2,8,5,4,11,10,4,4,2,4,1,4,3,2,0
10,8,12,1,4,2,8,5,4,11,10,4,4,2,4,1,4,3,2,0
12,8,15,2,18,6,6,7,2,9,14,16,9,6,13,1,10,9,5,0
12,8,15,2,18,6,6,7,2,9,14,16,9,6,13,1,10,9,5,0
12,8,15,2,18,6,6,7,2,9,14,16,9,6,13,1,10,9,5,0
12,8,15,2,18,6,6,7,2,9,14,16,9,6,13,1,10,9,5,0
12,8,15,2,18,6,6,7,2,9,14,16,9,6,13,1,10,9,5,0
12,8,15,2,18,6,6,7,2,9,14,16,9,6,13,1,10,9,5,0
12,8,15,2,18,6,6,7,2,9,14,16,9,6,13,1,10,9,5,0
12,8,15,2,18,6,6,7,2,9,14,16,9,6,13,1,10,9,5,0
12,8,15,2,18,6,6,7,2,9,14,16,9,6,13,1,10,9,5,0
12,8,15,2,18,6,6,7,2,9,14,16,9,6,13,1,10,9,5,0
9,7,6,1,4,0,0,1,8,6,8,11,11,3,3,4,21,8,9,0
9,7,6,1,4,0,0,1,8,6,8,11,11,3,3,4,21,8,9,0
9,7,6,1,4,0,0,1,8,6,8,11,11,3,3,4,21,8,9,0
9,7,6,1,4,0,0,1,8,6,8,11,11,3,3,4,21,8,9,0
6,4,6,2,6,3,8,2,10,10,20,28,23,11,15,22,21,30,35,0
6,4,6,2,6,3,8,2,10,10,20,28,23,11,15,22,21,30,35,0
6,4,6,2,6,3,8,2,10,10,20,28,23,11,15,22,21,30,35,0
6,4,6,2,6,3,8,2,10,10,20,28,23,11,15,22,21,30,35,0
6,4,6,2,6,3,8,2,10,10,20,28,23,11,15,22,21,30,35,0
6,4,6,2,6,3,8,2,10,10,20,28,23,11,15,22,21,30,35,0
6,4,6,2,6,3,8,2,10,10,20,28,23,11,15,22,21,30,35,0
6,4,6,2,6,3,8,2,10,10,20,28,23,11,15,22,21,30,35,0
6,4,6,2,6,3,8,2,10,10,20,28,23,11,15,22,21,30,35,0
0,1,0,0,1,0,2,3,6,3,7,22,21,7,12,2,4,11,7,0
0,1,0,0,1,0,2,3,6,3,7,22,21,7,12,2,4,11,7,0
0,1,0,0,1,0,2,3,6,3,7,22,21,7,12,2,4,11,7,0
0,1,0,0,1,0,2,3,6,3,7,22,21,7,12,2,4,11,7,0
2,2,4,2,3,0,2,0,2,8,1,11,10,4,3,4,9,14,20,0
2,2,4,2,3,0,2,0,2,8,1,11,10,4,3,4,9,14,20,0
22,8,18,8,21,3,8,4,5,4,5,11,9,0,5,2,8,4,5,1
22,8,18,8,21,3,8,4,5,4,5,11,9,0,5,2,8,4,5,1
22,8,18,8,21,3,8,4,5,4,5,11,9,0,5,2,8,4,5,1
22,8,18,8,21,3,8,4,5,4,5,11,9,0,5,2,8,4,5,1
22,8,18,8,21,3,8,4,5,4,5,11,9,0,5,2,8,4,5,1
22,8,18,8,21,3,8,4,5,4,5,11,9,0,5,2,8,4,5,1
22,8,18,8,21,3,8,4,5,4,5,11,9,0,5,2,8,4,5,1
22,8,18,8,21,3,8,4,5,4,5,11,9,0,5,2,8,4,5,1
22,8,18,8,21,3,8,4,5,4,5,11,9,0,5,2,8,4,5,1
22,8,18,8,21,3,8,4,5,4,5,11,9,0,5,2,8,4,5,1
22,8,18,8,21,3,8,4,5,4,5,11,9,0,5,2,8,4,5,1
22,8,18,8,21,3,8,4,5,4,5,11,9,0,5,2,8,4,5,1
22,8,18,8,21,3,8,4,5,4,5,11,9,0,5,2,8,4,5,1
23,5,25,5,12,5,11,2,2,9,6,5,6,3,1,1,5,5,9,0
23,5,25,5,12,5,11,2,2,9,6,5,6,3,1,1,5,5,9,0
23,5,25,5,12,5,11,2,2,9,6,5,6,3,1,1,5,5,9,0
23,5,25,5,12,5,11,2,2,9,6,5,6,3,1,1,5,5,9,0
23,5,25,5,12,5,11,2,2,9,6,5,6,3,1,1,5,5,9,0
23,5,25,5,12,5,11,2,2,9,6,5,6,3,1,1,5,5,9,0
23,5,25,5,12,5,11,2,2,9,6,5,6,3,1,1,5,5,9,0
23,5,25,5,12,5,11,2,2,9,6,5,6,3,1,1,5,5,9,0
23,5,25,5,12,5,11,2,2,9,6,5,6,3,1,1,5,5,9,0
23,5,25,5,12,5,11,2,2,9,6,5,6,3,1,1,5,5,9,0
23,5,25,5,12,5,11,2,2,9,6,5,6,3,1,1,5,5,9,0
10,9,12,7,13,10,11,5,8,11,20,11,9,4,10,4,7,4,7,0
10,9,12,7,13,10,11,5,8,11,20,11,9,4,10,4,7,4,7,0
10,9,12,7,13,10,11,5,8,11,20,11,9,4,10,4,7,4,7,0
10,9,12,7,13,10,11,5,8,11,20,11,9,4,10,4,7,4,7,0
10,9,12,7,13,10,11,5,8,11,20,11,9,4,10,4,7,4,7,0
10,9,12,7,13,10,11,5,8,11,20,11,9,4,10,4,7,4,7,0
10,9,12,7,13,10,11,5,8,11,20,11,9,4,10,4,7,4,7,0
10,9,12,7,13,10,11,5,8,11,20,11,9,4,10,4,7,4,7,0
10,9,12,7,13,10,11,5,8,11,20,11,9,4,10,4,7,4,7,0
10,9,12,7,13,10,11,5,8,11,20,11,9,4,10,4,7,4,7,0
10,9,12,7,13,10,11,5,8,11,20,11,9,4,10,4,7,4,7,0
17,13,18,4,10,4,7,2,6,2,2,10,4,1,3,3,4,2,3,0
17,13,18,4,10,4,7,2,6,2,2,10,4,1,3,3,4,2,3,0
17,13,18,4,10,4,7,2,6,2,2,10,4,1,3,3,4,2,3,0
17,13,18,4,10,4,7,2,6,2,2,10,4,1,3,3,4,2,3,0
17,13,18,4,10,4,7,2,6,2,2,10,4,1,3,3,4,2,3,0
17,13,18,4,10,4,7,2,6,2,2,10,4,1,3,3,4,2,3,0
17,13,18,4,10,4,7,2,6,2,2,10,4,1,3,3,4,2,3,0
17,13,18,4,10,4,7,2,6,2,2,10,4,1,3,3,4,2,3,0
17,13,18,4,10,4,7,2,6,2,2,10,4,1,3,3,4,2,3,0
32,15,37,20,34,23,21,12,17,24,28,22,12,7,8,1,9,7,10,0
32,15,37,20,34,23,21,12,17,24,28,22,12,7,8,1,9,7,10,0
32,15,37,20,34,23,21,12,17,24,28,22,12,7,8,1,9,7,10,0
32,15,37,20,34,23,21,12,17,24,28,22,12,7,8,1,9,7,10,0
32,15,37,20,34,23,21,12,17,24,28,22,12,7,8,1,9,7,10,0
32,15,37,20,34,23,21,12,17,24,28,22,12,7,8,1,9,7,10,0
32,15,37,20,34,23,21,12,17,24,28,22,12,7,8,1,9,7,10,0
32,15,37,20,34,23,21,12,17,24,28,22,12,7,8,1,9,7,10,0
32,15,37,20,34,23,21,12,17,24,28,22,12,7,8,1,9,7,10,0
32,15,37,20,34,23,21,12,17,24,28,22,12,7,8,1,9,7,10,0
32,15,37,20,34,23,21,12,17,24,28,22,12,7,8,1,9,7,10,0
32,15,37,20,34,23,21,12,17,24,28,22,12,7,8,1,9,7,10,0
32,15,37,20,34,23,21,12,17,24,28,22,12,7,8,1,9,7,10,0
32,15,37,20,34,23,21,12,17,24,28,22,12,7,8,1,9,7,10,0
32,15,37,20,34,23,21,12,17,24,28,22,12,7,8,1,9,7,10,0
32,15,37,20,34,23,21,12,17,24,28,22,12,7,8,1,9,7,10,0
32,15,37,20,34,23,21,12,17,24,28,22,12,7,8,1,9,7,10,0
9,5,7,12,10,13,15,7,3,18,10,16,5,2,15,5,3,4,2,0
9,5,7,12,10,13,15,7,3,18,10,16,5,2,15,5,3,4,2,0
9,5,7,12,10,13,15,7,3,18,10,16,5,2,15,5,3,4,2,0
9,5,7,12,10,13,15,7,3,18,10,16,5,2,15,5,3,4,2,0
9,5,7,12,10,13,15,7,3,18,10,16,5,2,15,5,3,4,2,0
9,5,7,12,10,13,15,7,3,18,10,16,5,2,15,5,3,4,2,0
9,5,7,12,10,13,15,7,3,18,10,16,5,2,15,5,3,4,2,0
9,5,7,12,10,13,15,7,3,18,10,16,5,2,15,5,3,4,2,0
9,5,7,12,10,13,15,7,3,18,10,16,5,2,15,5,3,4,2,0
9,5,7,12,10,13,15,7,3,18,10,16,5,2,15,5,3,4,2,0
9,5,7,12,10,13,15,7,3,18,10,16,5,2,15,5,3,4,2,0
11,9,14,12,21,10,14,11,7,10,14,9,4,5,5,6,4,5,4,0
11,9,14,12,21,10,14,11,7,10,14,9,4,5,5,6,4,5,4,0
11,9,14,12,21,10,14,11,7,10,14,9,4,5,5,6,4,5,4,0
11,9,14,12,21,10,14,11,7,10,14,9,4,5,5,6,4,5,4,0
11,9,14,12,21,10,14,11,7,10,14,9,4,5,5,6,4,5,4,0
11,9,14,12,21,10,14,11,7,10,14,9,4,5,5,6,4,5,4,0
11,9,14,12,21,10,14,11,7,10,14,9,4,5,5,6,4,5,4,0
11,9,14,12,21,10,14,11,7,10,14,9,4,5,5,6,4,5,4,0
11,9,14,12,21,10,14,11,7,10,14,9,4,5,5,6,4,5,4,0
11,9,14,12,21,10,14,11,7,10,14,9,4,5,5,6,4,5,4,0
11,9,14,12,21,10,14,11,7,10,14,9,4,5,5,6,4,5,4,0
11,9,14,12,21,10,14,11,7,10,14,9,4,5,5,6,4,5,4,0
11,9,14,12,21,10,14,11,7,10,14,9,4,5,5,6,4,5,4,0
11,9,14,12,21,10,14,11,7,10,14,9,4,5,5,6,4,5,4,0
1,1,0,1,5,1,4,2,4,6,3,8,5,5,10,11,15,19,20,0
1,1,0,1,5,1,4,2,4,6,3,8,5,5,10,11,15,19,20,0
1,1,0,1,5,1,4,2,4,6,3,8,5,5,10,11,15,19,20,0
18,12,11,6,13,4,4,3,2,4,1,2,1,3,3,3,0,0,2,0
18,12,11,6,13,4,4,3,2,4,1,2,1,3,3,3,0,0,2,0
8,9,30,4,8,2,19,10,13,5,7,12,9,5,9,7,3,8,6,0
8,9,30,4,8,2,19,10,13,5,7,12,9,5,9,7,3,8,6,0
8,9,30,4,8,2,19,10,13,5,7,12,9,5,9,7,3,8,6,0
8,9,30,4,8,2,19,10,13,5,7,12,9,5,9,7,3,8,6,0
8,9,30,4,8,2,19,10,13,5,7,12,9,5,9,7,3,8,6,0
8,9,30,4,8,2,19,10,13,5,7,12,9,5,9,7,3,8,6,0
8,9,30,4,8,2,19,10,13,5,7,12,9,5,9,7,3,8,6,0
8,9,30,4,8,2,19,10,13,5,7,12,9,5,9,7,3,8,6,0
8,9,30,4,8,2,19,10,13,5,7,12,9,5,9,7,3,8,6,0
8,9,30,4,8,2,19,10,13,5,7,12,9,5,9,7,3,8,6,0
8,9,30,4,8,2,19,10,13,5,7,12,9,5,9,7,3,8,6,0
8,9,30,4,8,2,19,10,13,5,7,12,9,5,9,7,3,8,6,0
11,14,11,4,8,3,7,8,6,12,8,9,24,6,9,17,28,24,32,0
11,14,11,4,8,3,7,8,6,12,8,9,24,6,9,17,28,24,32,0
11,14,11,4,8,3,7,8,6,12,8,9,24,6,9,17,28,24,32,0
11,14,11,4,8,3,7,8,6,12,8,9,24,6,9,17,28,24,32,0
11,14,11,4,8,3,7,8,6,12,8,9,24,6,9,17,28,24,32,0
11,14,11,4,8,3,7,8,6,12,8,9,24,6,9,17,28,24,32,0
11,14,11,4,8,3,7,8,6,12,8,9,24,6,9,17,28,24,32,0
11,14,11,4,8,3,7,8,6,12,8,9,24,6,9,17,28,24,32,0
11,14,11,4,8,3,7,8,6,12,8,9,24,6,9,17,28,24,32,0
11,14,11,4,8,3,7,8,6,12,8,9,24,6,9,17,28,24,32,0
17,21,24,8,22,13,28,25,40,37,51,28,19,9,17,10,30,34,13,0
17,21,24,8,22,13,28,25,40,37,51,28,19,9,17,10,30,34,13,0
17,21,24,8,22,13,28,25,40,37,51,28,19,9,17,10,30,34,13,0
17,21,24,8,22,13,28,25,40,37,51,28,19,9,17,10,30,34,13,0
17,21,24,8,22,13,28,25,40,37,51,28,19,9,17,10,30,34,13,0
17,21,24,8,22,13,28,25,40,37,51,28,19,9,17,10,30,34,13,0
17,21,24,8,22,13,28,25,40,37,51,28,19,9,17,10,30,34,13,0
17,21,24,8,22,13,28,25,40,37,51,28,19,9,17,10,30,34,13,0
17,21,24,8,22,13,28,25,40,37,51,28,19,9,17,10,30,34,13,0
17,21,24,8,22,13,28,25,40,37,51,28,19,9,17,10,30,34,13,0
17,21,24,8,22,13,28,25,40,37,51,28,19,9,17,10,30,34,13,0
17,21,24,8,22,13,28,25,40,37,51,28,19,9,17,10,30,34,13,0
17,21,24,8,22,13,28,25,40,37,51,28,19,9,17,10,30,34,13,0
17,21,24,8,22,13,28,25,40,37,51,28,19,9,17,10,30,34,13,0
17,21,24,8,22,13,28,25,40,37,51,28,19,9,17,10,30,34,13,0
17,21,24,8,22,13,28,25,40,37,51,28,19,9,17,10,30,34,13,0
2,4,5,3,2,1,4,4,2,8,6,14,13,1,7,3,5,3,10,0
2,4,5,3,2,1,4,4,2,8,6,14,13,1,7,3,5,3,10,0
3,6,2,1,5,3,10,2,3,5,8,14,12,9,9,3,9,10,17,1
3,6,2,1,5,3,10,2,3,5,8,14,12,9,9,3,9,10,17,1
3,6,2,1,5,3,10,2,3,5,8,14,12,9,9,3,9,10,17,1
3,6,2,1,5,3,10,2,3,5,8,14,12,9,9,3,9,10,17,1
3,6,2,1,5,3,10,2,3,5,8,14,12,9,9,3,9,10,17,1
3,6,2,1,5,3,10,2,3,5,8,14,12,9,9,3,9,10,17,1
6,2,4,0,14,10,16,5,16,23,13,16,17,5,6,2,6,3,5,0
6,2,4,0,14,10,16,5,16,23,13,16,17,5,6,2,6,3,5,0
6,2,4,0,14,10,16,5,16,23,13,16,17,5,6,2,6,3,5,0
6,2,4,0,14,10,16,5,16,23,13,16,17,5,6,2,6,3,5,0
6,2,4,0,14,10,16,5,16,23,13,16,17,5,6,2,6,3,5,0
6,2,4,0,14,10,16,5,16,23,13,16,17,5,6,2,6,3,5,0
6,2,4,0,14,10,16,5,16,23,13,16,17,5,6,2,6,3,5,0
6,2,4,0,14,10,16,5,16,23,13,16,17,5,6,2,6,3,5,0
6,2,4,0,14,10,16,5,16,23,13,16,17,5,6,2,6,3,5,0
6,2,4,0,14,10,16,5,16,23,13,16,17,5,6,2,6,3,5,0
6,2,4,0,14,10,16,5,16,23,13,16,17,5,6,2,6,3,5,0
16,2,22,0,8,7,2,2,4,6,10,3,6,1,0,0,2,2,2,0
16,2,22,0,8,7,2,2,4,6,10,3,6,1,0,0,2,2,2,0
16,2,22,0,8,7,2,2,4,6,10,3,6,1,0,0,2,2,2,0
16,2,22,0,8,7,2,2,4,6,10,3,6,1,0,0,2,2,2,0
4,3,3,6,1,2,13,12,1,8,3,13,2,2,2,2,9,8,2,0
4,3,3,6,1,2,13,12,1,8,3,13,2,2,2,2,9,8,2,0
4,3,3,6,1,2,13,12,1,8,3,13,2,2,2,2,9,8,2,0
10,5,5,6,6,2,6,4,5,5,3,6,6,2,1,3,5,11,4,0
10,5,5,6,6,2,6,4,5,5,3,6,6,2,1,3,5,11,4,0
10,5,5,6,6,2,6,4,5,5,3,6,6,2,1,3,5,11,4,0
5,2,5,5,7,1,8,0,1,9,3,4,4,11,2,11,1,6,8,0
5,2,5,5,7,1,8,0,1,9,3,4,4,11,2,11,1,6,8,0
9,13,7,4,4,7,8,9,9,8,5,6,4,1,5,3,1,11,4,0
9,13,7,4,4,7,8,9,9,8,5,6,4,1,5,3,1,11,4,0
9,13,7,4,4,7,8,9,9,8,5,6,4,1,5,3,1,11,4,0
9,13,7,4,4,7,8,9,9,8,5,6,4,1,5,3,1,11,4,0
9,13,7,4,4,7,8,9,9,8,5,6,4,1,5,3,1,11,4,0
9,13,7,4,4,7,8,9,9,8,5,6,4,1,5,3,1,11,4,0
9,13,7,4,4,7,8,9,9,8,5,6,4,1,5,3,1,11,4,0
9,13,7,4,4,7,8,9,9,8,5,6,4,1,5,3,1,11,4,0
2,1,2,0,2,1,4,4,4,1,3,7,9,8,4,7,8,12,26,0
2,1,2,0,2,1,4,4,4,1,3,7,9,8,4,7,8,12,26,0
12,5,13,3,8,5,3,5,3,6,10,9,4,2,1,1,5,3,8,0
12,5,13,3,8,5,3,5,3,6,10,9,4,2,1,1,5,3,8,0
12,5,13,3,8,5,3,5,3,6,10,9,4,2,1,1,5,3,8,0
12,5,13,3,8,5,3,5,3,6,10,9,4,2,1,1,5,3,8,0
7,6,5,16,8,2,24,19,8,11,20,37,8,16,9,15,26,25,20,0
7,6,5,16,8,2,24,19,8,11,20,37,8,16,9,15,26,25,20,0
7,6,5,16,8,2,24,19,8,11,20,37,8,16,9,15,26,25,20,0
7,6,5,16,8,2,24,19,8,11,20,37,8,16,9,15,26,25,20,0
7,6,5,16,8,2,24,19,8,11,20,37,8,16,9,15,26,25,20,0
7,6,5,16,8,2,24,19,8,11,20,37,8,16,9,15,26,25,20,0
7,6,5,16,8,2,24,19,8,11,20,37,8,16,9,15,26,25,20,0
7,6,5,16,8,2,24,19,8,11,20,37,8,16,9,15,26,25,20,0
7,6,5,16,8,2,24,19,8,11,20,37,8,16,9,15,26,25,20,0
7,6,5,16,8,2,24,19,8,11,20,37,8,16,9,15,26,25,20,0
7,6,5,16,8,2,24,19,8,11,20,37,8,16,9,15,26,25,20,0
7,6,5,16,8,2,24,19,8,11,20,37,8,16,9,15,26,25,20,0
6,4,4,3,3,1,12,5,11,14,10,18,17,0,12,7,12,16,9,0
6,4,4,3,3,1,12,5,11,14,10,18,17,0,12,7,12,16,9,0
6,4,4,3,3,1,12,5,11,14,10,18,17,0,12,7,12,16,9,0
6,4,4,3,3,1,12,5,11,14,10,18,17,0,12,7,12,16,9,0
6,4,4,3,3,1,12,5,11,14,10,18,17,0,12,7,12,16,9,0
6,4,4,3,3,1,12,5,11,14,10,18,17,0,12,7,12,16,9,0
6,4,4,3,3,1,12,5,11,14,10,18,17,0,12,7,12,16,9,0
6,4,4,3,3,1,12,5,11,14,10,18,17,0,12,7,12,16,9,0
6,4,4,3,3,1,12,5,11,14,10,18,17,0,12,7,12,16,9,0
18,7,15,9,13,6,4,1,4,3,7,3,1,0,1,0,0,1,0,0
18,7,15,9,13,6,4,1,4,3,7,3,1,0,1,0,0,1,0,0
18,7,15,9,13,6,4,1,4,3,7,3,1,0,1,0,0,1,0,0
18,7,15,9,13,6,4,1,4,3,7,3,1,0,1,0,0,1,0,0
18,7,15,9,13,6,4,1,4,3,7,3,1,0,1,0,0,1,0,0
18,7,15,9,13,6,4,1,4,3,7,3,1,0,1,0,0,1,0,0
18,7,15,9,13,6,4,1,4,3,7,3,1,0,1,0,0,1,0,0
18,7,15,9,13,6,4,1,4,3,7,3,1,0,1,0,0,1,0,0
9,8,7,5,9,3,6,1,6,10,9,21,13,3,8,4,11,13,16,0
9,8,7,5,9,3,6,1,6,10,9,21,13,3,8,4,11,13,16,0
9,8,7,5,9,3,6,1,6,10,9,21,13,3,8,4,11,13,16,0
9,8,7,5,9,3,6,1,6,10,9,21,13,3,8,4,11,13,16,0
9,8,7,5,9,3,6,1,6,10,9,21,13,3,8,4,11,13,16,0
9,8,7,5,9,3,6,1,6,10,9,21,13,3,8,4,11,13,16,0
9,8,7,5,9,3,6,1,6,10,9,21,13,3,8,4,11,13,16,0
9,8,7,5,9,3,6,1,6,10,9,21,13,3,8,4,11,13,16,0
9,8,7,5,9,3,6,1,6,10,9,21,13,3,8,4,11,13,16,0
0,0,0,4,9,12,18,10,23,23,26,33,42,29,14,29,37,61,66,0
0,0,0,4,9,12,18,10,23,23,26,33,42,29,14,29,37,61,66,0
0,0,0,4,9,12,18,10,23,23,26,33,42,29,14,29,37,61,66,0
0,0,0,4,9,12,18,10,23,23,26,33,42,29,14,29,37,61,66,0
0,0,0,4,9,12,18,10,23,23,26,33,42,29,14,29,37,61,66,0
0,0,0,4,9,12,18,10,23,23,26,33,42,29,14,29,37,61,66,0
0,0,0,4,9,12,18,10,23,23,26,33,42,29,14,29,37,61,66,0
0,0,0,4,9,12,18,10,23,23,26,33,42,29,14,29,37,61,66,0
0,0,0,4,9,12,18,10,23,23,26,33,42,29,14,29,37,61,66,0
0,0,0,4,9,12,18,10,23,23,26,33,42,29,14,29,37,61,66,0
0,0,0,4,9,12,18,10,23,23,26,33,42,29,14,29,37,61,66,0
0,0,1,0,2,0,1,1,0,0,5,4,24,3,22,6,9,14,9,0
0,0,1,0,2,0,1,1,0,0,5,4,24,3,22,6,9,14,9,0
0,0,1,0,2,0,1,1,0,0,5,4,24,3,22,6,9,14,9,0
0,0,0,0,3,0,12,7,11,22,9,14,10,6,6,6,13,4,12,0
0,0,0,0,3,0,12,7,11,22,9,14,10,6,6,6,13,4,12,0
0,0,0,0,3,0,12,7,11,22,9,14,10,6,6,6,13,4,12,0
0,0,0,0,3,0,12,7,11,22,9,14,10,6,6,6,13,4,12,0
0,0,0,0,3,0,12,7,11,22,9,14,10,6,6,6,13,4,12,0
0,0,0,0,3,0,12,7,11,22,9,14,10,6,6,6,13,4,12,0
0,0,0,0,3,0,12,7,11,22,9,14,10,6,6,6,13,4,12,0
0,0,0,0,6,2,8,10,6,10,11,14,13,5,6,9,12,14,3,0
0,0,0,0,6,2,8,10,6,10,11,14,13,5,6,9,12,14,3,0
0,0,0,0,6,2,8,10,6,10,11,14,13,5,6,9,12,14,3,0
0,0,0,0,6,2,8,10,6,10,11,14,13,5,6,9,12,14,3,0
0,0,0,0,6,2,8,10,6,10,11,14,13,5,6,9,12,14,3,0
0,0,0,0,6,2,8,10,6,10,11,14,13,5,6,9,12,14,3,0
0,0,3,4,10,7,35,21,33,26,45,40,58,39,45,56,69,73,84,0
0,0,3,4,10,7,35,21,33,26,45,40,58,39,45,56,69,73,84,0
0,0,3,4,10,7,35,21,33,26,45,40,58,39,45,56,69,73,84,0
0,0,3,4,10,7,35,21,33,26,45,40,58,39,45,56,69,73,84,0
0,0,3,4,10,7,35,21,33,26,45,40,58,39,45,56,69,73,84,0
0,0,3,4,10,7,35,21,33,26,45,40,58,39,45,56,69,73,84,0
0,0,3,4,10,7,35,21,33,26,45,40,58,39,45,56,69,73,84,0
0,0,3,4,10,7,35,21,33,26,45,40,58,39,45,56,69,73,84,0
0,0,3,4,10,7,35,21,33,26,45,40,58,39,45,56,69,73,84,0
0,0,3,4,10,7,35,21,33,26,45,40,58,39,45,56,69,73,84,0
0,0,3,4,10,7,35,21,33,26,45,40,58,39,45,56,69,73,84,0
0,0,3,4,10,7,35,21,33,26,45,40,58,39,45,56,69,73,84,0
0,0,0,6,9,5,12,9,6,10,12,14,7,4,2,2,2,6,6,0
0,0,0,6,9,5,12,9,6,10,12,14,7,4,2,2,2,6,6,0
0,0,0,6,9,5,12,9,6,10,12,14,7,4,2,2,2,6,6,0
0,0,0,6,9,5,12,9,6,10,12,14,7,4,2,2,2,6,6,0
0,0,0,6,9,5,12,9,6,10,12,14,7,4,2,2,2,6,6,0
0,0,0,6,9,5,12,9,6,10,12,14,7,4,2,2,2,6,6,0
0,0,0,6,9,5,12,9,6,10,12,14,7,4,2,2,2,6,6,0
0,0,1,1,7,2,5,4,7,16,9,11,9,2,4,4,6,6,6,0
0,0,1,1,7,2,5,4,7,16,9,11,9,2,4,4,6,6,6,0
0,0,1,1,7,2,5,4,7,16,9,11,9,2,4,4,6,6,6,0
0,0,0,6,7,9,7,9,11,10,8,8,10,3,2,2,10,6,10,0
0,0,0,6,7,9,7,9,11,10,8,8,10,3,2,2,10,6,10,0
0,0,0,6,7,9,7,9,11,10,8,8,10,3,2,2,10,6,10,0
0,0,0,6,7,9,7,9,11,10,8,8,10,3,2,2,10,6,10,0
0,0,0,6,7,9,7,9,11,10,8,8,10,3,2,2,10,6,10,0
0,0,0,2,0,3,6,9,8,17,14,16,22,9,14,25,23,23,13,0
0,0,0,2,0,3,6,9,8,17,14,16,22,9,14,25,23,23,13,0
0,0,0,2,0,3,6,9,8,17,14,16,22,9,14,25,23,23,13,0
0,0,0,2,0,3,6,9,8,17,14,16,22,9,14,25,23,23,13,0
0,0,0,2,0,3,6,9,8,17,14,16,22,9,14,25,23,23,13,0
0,0,0,2,0,3,6,9,8,17,14,16,22,9,14,25,23,23,13,0
0,0,0,2,0,3,6,9,8,17,14,16,22,9,14,25,23,23,13,0
0,0,0,2,0,3,6,9,8,17,14,16,22,9,14,25,23,23,13,0
0,0,0,0,4,0,2,2,3,11,13,12,19,8,8,10,14,22,21,0
0,0,0,0,4,0,2,2,3,11,13,12,19,8,8,10,14,22,21,0
0,0,0,0,4,0,2,2,3,11,13,12,19,8,8,10,14,22,21,0
0,0,0,0,4,0,2,2,3,11,13,12,19,8,8,10,14,22,21,0
0,0,0,0,4,0,2,2,3,11,13,12,19,8,8,10,14,22,21,0
0,0,4,3,6,6,26,14,9,8,8,26,7,2,1,9,5,2,3,0
0,0,4,3,6,6,26,14,9,8,8,26,7,2,1,9,5,2,3,0
0,0,4,3,6,6,26,14,9,8,8,26,7,2,1,9,5,2,3,0
0,0,4,3,6,6,26,14,9,8,8,26,7,2,1,9,5,2,3,0
0,0,4,3,6,6,26,14,9,8,8,26,7,2,1,9,5,2,3,0
0,0,4,3,6,6,26,14,9,8,8,26,7,2,1,9,5,2,3,0
0,0,4,3,6,6,26,14,9,8,8,26,7,2,1,9,5,2,3,0
0,0,4,3,6,6,26,14,9,8,8,26,7,2,1,9,5,2,3,0
0,0,4,3,6,6,26,14,9,8,8,26,7,2,1,9,5,2,3,0
0,0,1,2,2,0,7,1,6,10,11,13,11,3,10,4,3,6,1,0
0,0,1,2,2,0,7,1,6,10,11,13,11,3,10,4,3,6,1,0
0,0,0,0,0,0,0,1,4,9,15,18,26,7,37,28,37,85,62,0
0,0,0,0,0,0,0,1,4,9,15,18,26,7,37,28,37,85,62,0
0,0,0,0,0,0,0,1,4,9,15,18,26,7,37,28,37,85,62,0
0,0,0,0,0,0,0,1,4,9,15,18,26,7,37,28,37,85,62,0
0,0,0,0,0,0,0,1,4,9,15,18,26,7,37,28,37,85,62,0
0,0,0,0,0,0,0,1,4,9,15,18,26,7,37,28,37,85,62,0
0,0,0,0,0,0,0,0,0,22,10,1,9,23,34,26,0,40,9,0
0,0,0,0,0,0,0,0,0,22,10,1,9,23,34,26,0,40,9,0
0,0,0,0,0,0,0,0,0,22,10,1,9,23,34,26,0,40,9,0
0,0,0,0,0,0,0,0,0,22,10,1,9,23,34,26,0,40,9,0
0,0,0,0,0,0,0,0,0,22,10,1,9,23,34,26,0,40,9,0
0,0,0,0,0,0,0,0,0,22,10,1,9,23,34,26,0,40,9,0
0,0,0,0,0,0,0,5,2,4,5,5,9,5,18,3,8,15,16,0
0,0,0,0,0,0,0,5,2,4,5,5,9,5,18,3,8,15,16,0
0,0,0,0,4,3,5,2,2,6,13,12,6,10,4,8,13,14,16,0
0,0,0,0,4,3,5,2,2,6,13,12,6,10,4,8,13,14,16,0
0,0,0,0,4,3,5,2,2,6,13,12,6,10,4,8,13,14,16,0
0,0,0,0,0,6,26,30,20,49,39,35,20,7,4,8,14,12,13,1
0,0,0,0,0,6,26,30,20,49,39,35,20,7,4,8,14,12,13,1
0,0,0,0,0,6,26,30,20,49,39,35,20,7,4,8,14,12,13,1
0,0,0,0,0,6,26,30,20,49,39,35,20,7,4,8,14,12,13,1
0,0,0,0,0,6,26,30,20,49,39,35,20,7,4,8,14,12,13,1
0,0,0,0,0,6,26,30,20,49,39,35,20,7,4,8,14,12,13,1
0,0,0,0,0,6,26,30,20,49,39,35,20,7,4,8,14,12,13,1
0,0,0,0,0,6,26,30,20,49,39,35,20,7,4,8,14,12,13,1
0,0,0,0,0,6,26,30,20,49,39,35,20,7,4,8,14,12,13,1
0,0,0,0,0,6,26,30,20,49,39,35,20,7,4,8,14,12,13,1
0,0,0,0,0,6,26,30,20,49,39,35,20,7,4,8,14,12,13,1
12,16,12,0,14,11,6,0,0,9,0,1,3,3,5,2,0,3,1,0
12,16,12,0,14,11,6,0,0,9,0,1,3,3,5,2,0,3,1,0
12,16,12,0,14,11,6,0,0,9,0,1,3,3,5,2,0,3,1,0
12,16,12,0,14,11,6,0,0,9,0,1,3,3,5,2,0,3,1,0
12,16,12,0,14,11,6,0,0,9,0,1,3,3,5,2,0,3,1,0
12,16,12,0,14,11,6,0,0,9,0,1,3,3,5,2,0,3,1,0
0,0,0,0,0,0,0,0,0,0,0,1,5,9,19,7,12,25,19,0
0,0,0,0,0,0,0,0,0,0,0,1,5,9,19,7,12,25,19,0
0,0,0,0,0,0,0,0,6,17,16,12,8,8,6,0,9,7,4,0
0,0,0,0,0,0,0,0,6,17,16,12,8,8,6,0,9,7,4,0
28,42,39,3,37,38,23,5,4,23,6,7,10,20,43,22,12,19,12,1
28,42,39,3,37,38,23,5,4,23,6,7,10,20,43,22,12,19,12,1
28,42,39,3,37,38,23,5,4,23,6,7,10,20,43,22,12,19,12,1
28,42,39,3,37,38,23,5,4,23,6,7,10,20,43,22,12,19,12,1
28,42,39,3,37,38,23,5,4,23,6,7,10,20,43,22,12,19,12,1
28,42,39,3,37,38,23,5,4,23,6,7,10,20,43,22,12,19,12,1
28,42,39,3,37,38,23,5,4,23,6,7,10,20,43,22,12,19,12,1
28,42,39,3,37,38,23,5,4,23,6,7,10,20,43,22,12,19,12,1
28,42,39,3,37,38,23,5,4,23,6,7,10,20,43,22,12,19,12,1
28,42,39,3,37,38,23,5,4,23,6,7,10,20,43,22,12,19,12,1
28,42,39,3,37,38,23,5,4,23,6,7,10,20,43,22,12,19,12,1
28,42,39,3,37,38,23,5,4,23,6,7,10,20,43,22,12,19,12,1
28,42,39,3,37,38,23,5,4,23,6,7,10,20,43,22,12,19,12,1
28,42,39,3,37,38,23,5,4,23,6,7,10,20,43,22,12,19,12,1
28,42,39,3,37,38,23,5,4,23,6,7,10,20,43,22,12,19,12,1
28,42,39,3,37,38,23,5,4,23,6,7,10,20,43,22,12,19,12,1
28,42,39,3,37,38,23,5,4,23,6,7,10,20,43,22,12,19,12,1
28,42,39,3,37,38,23,5,4,23,6,7,10,20,43,22,12,19,12,1
0,0,0,0,0,2,16,16,12,34,29,30,25,10,7,5,18,25,14,0
0,0,0,0,0,2,16,16,12,34,29,30,25,10,7,5,18,25,14,0
0,0,0,0,0,2,16,16,12,34,29,30,25,10,7,5,18,25,14,0
0,0,0,0,0,2,16,16,12,34,29,30,25,10,7,5,18,25,14,0
0,0,0,0,0,2,16,16,12,34,29,30,25,10,7,5,18,25,14,0
0,0,0,0,0,2,16,16,12,34,29,30,25,10,7,5,18,25,14,0
0,0,0,0,0,2,16,16,12,34,29,30,25,10,7,5,18,25,14,0
0,0,0,0,0,2,16,16,12,34,29,30,25,10,7,5,18,25,14,0
0,0,0,0,0,2,16,16,12,34,29,30,25,10,7,5,18,25,14,0
0,0,0,0,0,2,16,16,12,34,29,30,25,10,7,5,18,25,14,0
0,0,0,0,0,0,0,0,0,0,0,0,7,1,5,23,14,19,23,1
0,0,0,0,0,0,0,0,0,0,0,0,7,1,5,23,14,19,23,1
3,0,2,0,2,3,2,1,3,2,12,4,6,4,10,2,11,15,19,0
3,0,2,0,2,3,2,1,3,2,12,4,6,4,10,2,11,15,19,0
0,0,0,0,0,0,0,0,0,0,1,1,2,1,5,9,17,38,41,1
0,0,0,0,0,0,0,0,0,0,1,1,2,1,5,9,17,38,41,1
0,0,0,0,0,0,1,3,5,11,21,10,12,8,8,5,7,10,10,0
0,0,0,0,0,0,1,3,5,11,21,10,12,8,8,5,7,10,10,0
0,0,0,0,0,0,1,3,5,11,21,10,12,8,8,5,7,10,10,0
0,0,0,0,0,0,1,3,5,11,21,10,12,8,8,5,7,10,10,0
0,0,0,0,5,2,6,2,9,18,23,16,22,23,10,6,22,26,27,0
0,0,0,0,5,2,6,2,9,18,23,16,22,23,10,6,22,26,27,0
0,0,0,0,5,2,6,2,9,18,23,16,22,23,10,6,22,26,27,0
0,0,0,0,5,2,6,2,9,18,23,16,22,23,10,6,22,26,27,0
0,0,0,0,5,2,6,2,9,18,23,16,22,23,10,6,22,26,27,0
0,0,0,0,5,2,6,2,9,18,23,16,22,23,10,6,22,26,27,0
0,0,0,0,5,2,6,2,9,18,23,16,22,23,10,6,22,26,27,0
0,0,0,0,5,2,6,2,9,18,23,16,22,23,10,6,22,26,27,0
0,0,0,0,0,0,0,0,0,6,15,27,38,31,35,28,47,76,74,0
0,0,0,0,0,0,0,0,0,6,15,27,38,31,35,28,47,76,74,0
0,0,0,0,0,0,0,0,0,6,15,27,38,31,35,28,47,76,74,0
0,0,0,0,0,0,0,0,0,6,15,27,38,31,35,28,47,76,74,0
0,0,0,0,0,0,0,0,0,6,15,27,38,31,35,28,47,76,74,0
0,0,0,0,0,0,0,0,0,6,15,27,38,31,35,28,47,76,74,0
0,0,0,0,0,0,0,0,0,6,15,27,38,31,35,28,47,76,74,0
11,9,4,7,3,1,6,2,8,6,12,13,13,6,5,8,6,10,17,0
11,9,4,7,3,1,6,2,8,6,12,13,13,6,5,8,6,10,17,0
11,9,4,7,3,1,6,2,8,6,12,13,13,6,5,8,6,10,17,0
11,9,4,7,3,1,6,2,8,6,12,13,13,6,5,8,6,10,17,0
11,9,4,7,3,1,6,2,8,6,12,13,13,6,5,8,6,10,17,0
11,9,4,7,3,1,6,2,8,6,12,13,13,6,5,8,6,10,17,0
11,9,4,7,3,1,6,2,8,6,12,13,13,6,5,8,6,10,17,0
11,9,4,7,3,1,6,2,8,6,12,13,13,6,5,8,6,10,17,0
0,3,19,6,22,17,19,19,16,25,7,20,10,9,9,4,8,23,18,0
0,3,19,6,22,17,19,19,16,25,7,20,10,9,9,4,8,23,18,0
0,3,19,6,22,17,19,19,16,25,7,20,10,9,9,4,8,23,18,0
0,3,19,6,22,17,19,19,16,25,7,20,10,9,9,4,8,23,18,0
0,3,19,6,22,17,19,19,16,25,7,20,10,9,9,4,8,23,18,0
0,3,19,6,22,17,19,19,16,25,7,20,10,9,9,4,8,23,18,0
0,3,19,6,22,17,19,19,16,25,7,20,10,9,9,4,8,23,18,0
0,3,19,6,22,17,19,19,16,25,7,20,10,9,9,4,8,23,18,0
0,3,19,6,22,17,19,19,16,25,7,20,10,9,9,4,8,23,18,0
0,3,19,6,22,17,19,19,16,25,7,20,10,9,9,4,8,23,18,0
0,3,19,6,22,17,19,19,16,25,7,20,10,9,9,4,8,23,18,0
0,3,19,6,22,17,19,19,16,25,7,20,10,9,9,4,8,23,18,0
0,3,19,6,22,17,19,19,16,25,7,20,10,9,9,4,8,23,18,0
2,0,1,3,2,0,1,0,3,0,1,24,5,3,3,3,9,17,26,0
2,0,1,3,2,0,1,0,3,0,1,24,5,3,3,3,9,17,26,0
0,0,0,0,0,4,7,4,9,15,26,14,9,8,6,2,10,7,12,0
0,0,0,0,0,4,7,4,9,15,26,14,9,8,6,2,10,7,12,0
0,0,0,0,0,4,7,4,9,15,26,14,9,8,6,2,10,7,12,0
0,0,0,0,0,4,7,4,9,15,26,14,9,8,6,2,10,7,12,0
0,0,0,0,0,4,7,4,9,15,26,14,9,8,6,2,10,7,12,0
0,0,0,0,0,4,7,4,9,15,26,14,9,8,6,2,10,7,12,0
0,0,0,0,0,4,7,4,9,15,26,14,9,8,6,2,10,7,12,0
0,0,0,0,0,0,0,0,0,0,3,10,15,20,8,6,13,12,9,0
0,0,0,0,0,0,0,0,0,0,3,10,15,20,8,6,13,12,9,0
0,0,0,0,0,0,0,0,0,2,7,11,13,6,23,11,12,20,13,0
0,0,0,0,0,0,0,0,0,2,7,11,13,6,23,11,12,20,13,0
0,0,0,0,0,0,0,0,0,2,7,11,13,6,23,11,12,20,13,0
0,0,0,0,0,0,0,0,0,0,4,9,10,13,13,8,16,16,18,0
0,0,0,0,0,0,0,0,0,0,4,9,10,13,13,8,16,16,18,0
0,0,0,0,0,0,0,0,0,2,7,11,20,19,9,11,10,23,31,0
0,0,0,0,0,0,0,0,0,2,7,11,20,19,9,11,10,23,31,0
0,0,0,0,0,0,0,0,0,2,7,11,20,19,9,11,10,23,31,0
0,3,2,0,3,0,3,3,5,2,4,7,10,4,7,3,13,12,11,0
0,3,2,0,3,0,3,3,5,2,4,7,10,4,7,3,13,12,11,0
0,0,0,0,0,0,0,0,0,0,8,16,13,7,12,3,13,16,11,0
0,0,0,0,0,0,0,0,0,0,8,16,13,7,12,3,13,16,11,0
0,0,0,0,0,0,0,0,1,12,7,17,24,4,10,6,4,6,8,0
0,0,0,0,0,0,0,0,1,12,7,17,24,4,10,6,4,6,8,0
0,0,0,0,0,0,0,0,1,12,7,17,24,4,10,6,4,6,8,0
0,0,0,0,0,0,0,0,0,4,15,28,11,7,8,12,26,43,34,0
0,0,0,0,0,0,0,0,0,4,15,28,11,7,8,12,26,43,34,0
0,0,0,0,0,0,0,0,0,4,15,28,11,7,8,12,26,43,34,0
0,0,0,0,0,0,0,0,0,4,15,28,11,7,8,12,26,43,34,0
0,0,0,0,0,0,0,0,1,7,12,27,8,3,10,6,9,13,6,0
0,0,0,0,0,0,0,0,1,7,12,27,8,3,10,6,9,13,6,0
0,0,0,0,0,0,0,0,1,7,12,27,8,3,10,6,9,13,6,0
0,0,0,0,0,0,0,0,0,1,3,9,11,6,3,14,18,14,18,0
0,0,0,0,0,0,0,0,0,1,3,9,11,6,3,14,18,14,18,0
0,0,0,0,0,0,0,0,0,4,20,18,25,17,13,11,21,25,14,0
0,0,0,0,0,0,0,0,0,4,20,18,25,17,13,11,21,25,14,0
0,0,0,0,0,0,0,0,0,4,20,18,25,17,13,11,21,25,14,0
0,0,0,0,0,0,0,0,0,4,20,18,25,17,13,11,21,25,14,0
0,0,0,0,0,0,0,0,0,4,20,18,25,17,13,11,21,25,14,0
0,0,0,0,0,0,0,0,0,4,20,18,25,17,13,11,21,25,14,0
0,0,0,0,0,2,0,0,3,6,8,8,5,11,4,26,16,12,26,0
0,0,0,0,0,2,0,0,3,6,8,8,5,11,4,26,16,12,26,0
0,0,0,0,0,2,0,0,3,6,8,8,5,11,4,26,16,12,26,0
0,0,0,3,4,0,0,4,6,4,11,5,3,17,13,39,16,22,32,0
0,0,0,3,4,0,0,4,6,4,11,5,3,17,13,39,16,22,32,0
0,0,0,3,4,0,0,4,6,4,11,5,3,17,13,39,16,22,32,0
0,0,0,3,4,0,0,4,6,4,11,5,3,17,13,39,16,22,32,0
0,0,0,3,4,0,0,4,6,4,11,5,3,17,13,39,16,22,32,0
3,8,6,8,9,0,17,0,8,1,6,19,38,29,34,64,66,92,107,0
3,8,6,8,9,0,17,0,8,1,6,19,38,29,34,64,66,92,107,0
3,8,6,8,9,0,17,0,8,1,6,19,38,29,34,64,66,92,107,0
3,8,6,8,9,0,17,0,8,1,6,19,38,29,34,64,66,92,107,0
3,8,6,8,9,0,17,0,8,1,6,19,38,29,34,64,66,92,107,0
3,8,6,8,9,0,17,0,8,1,6,19,38,29,34,64,66,92,107,0
3,8,6,8,9,0,17,0,8,1,6,19,38,29,34,64,66,92,107,0
3,8,6,8,9,0,17,0,8,1,6,19,38,29,34,64,66,92,107,0
1,1,2,0,3,1,0,1,1,4,4,5,12,8,15,16,17,22,22,0
1,1,2,0,3,1,0,1,1,4,4,5,12,8,15,16,17,22,22,0
1,1,2,0,3,1,0,1,1,4,4,5,12,8,15,16,17,22,22,0
1,1,2,0,3,1,0,1,1,4,4,5,12,8,15,16,17,22,22,0
17,20,9,4,10,5,4,2,4,5,1,7,3,2,2,0,2,5,2,0
17,20,9,4,10,5,4,2,4,5,1,7,3,2,2,0,2,5,2,0
17,20,9,4,10,5,4,2,4,5,1,7,3,2,2,0,2,5,2,0
17,20,9,4,10,5,4,2,4,5,1,7,3,2,2,0,2,5,2,0
17,20,9,4,10,5,4,2,4,5,1,7,3,2,2,0,2,5,2,0
17,20,9,4,10,5,4,2,4,5,1,7,3,2,2,0,2,5,2,0
17,20,9,4,10,5,4,2,4,5,1,7,3,2,2,0,2,5,2,0
17,20,9,4,10,5,4,2,4,5,1,7,3,2,2,0,2,5,2,0
0,0,0,0,0,0,0,0,0,0,0,2,1,11,10,9,15,30,16,0
0,0,0,0,0,0,0,0,0,0,0,2,1,11,10,9,15,30,16,0
0,0,0,0,0,0,0,0,0,0,7,17,24,17,13,18,15,17,28,0
0,0,0,0,0,0,0,0,0,0,7,17,24,17,13,18,15,17,28,0
0,0,0,0,0,0,0,0,0,0,7,17,24,17,13,18,15,17,28,0
0,0,0,0,0,0,0,0,0,0,7,17,24,17,13,18,15,17,28,0
0,0,0,0,0,0,0,0,0,0,7,17,24,17,13,18,15,17,28,0
40,26,16,15,24,7,14,7,17,36,23,39,19,12,15,16,23,23,28,0
40,26,16,15,24,7,14,7,17,36,23,39,19,12,15,16,23,23,28,0
40,26,16,15,24,7,14,7,17,36,23,39,19,12,15,16,23,23,28,0
40,26,16,15,24,7,14,7,17,36,23,39,19,12,15,16,23,23,28,0
40,26,16,15,24,7,14,7,17,36,23,39,19,12,15,16,23,23,28,0
40,26,16,15,24,7,14,7,17,36,23,39,19,12,15,16,23,23,28,0
40,26,16,15,24,7,14,7,17,36,23,39,19,12,15,16,23,23,28,0
40,26,16,15,24,7,14,7,17,36,23,39,19,12,15,16,23,23,28,0
40,26,16,15,24,7,14,7,17,36,23,39,19,12,15,16,23,23,28,0
40,26,16,15,24,7,14,7,17,36,23,39,19,12,15,16,23,23,28,0
40,26,16,15,24,7,14,7,17,36,23,39,19,12,15,16,23,23,28,0
40,26,16,15,24,7,14,7,17,36,23,39,19,12,15,16,23,23,28,0
40,26,16,15,24,7,14,7,17,36,23,39,19,12,15,16,23,23,28,0
40,26,16,15,24,7,14,7,17,36,23,39,19,12,15,16,23,23,28,0
40,26,16,15,24,7,14,7,17,36,23,39,19,12,15,16,23,23,28,0
40,26,16,15,24,7,14,7,17,36,23,39,19,12,15,16,23,23,28,0
40,26,16,15,24,7,14,7,17,36,23,39,19,12,15,16,23,23,28,0
0,0,2,0,1,3,1,5,1,4,6,2,11,8,17,8,14,8,11,0
0,0,2,0,1,3,1,5,1,4,6,2,11,8,17,8,14,8,11,0
0,0,2,0,1,3,1,5,1,4,6,2,11,8,17,8,14,8,11,0
9,6,4,5,4,2,9,3,5,7,3,10,6,5,6,7,5,10,13,0
9,6,4,5,4,2,9,3,5,7,3,10,6,5,6,7,5,10,13,0
9,6,4,5,4,2,9,3,5,7,3,10,6,5,6,7,5,10,13,0
9,6,4,5,4,2,9,3,5,7,3,10,6,5,6,7,5,10,13,0
9,6,4,5,4,2,9,3,5,7,3,10,6,5,6,7,5,10,13,0
5,7,2,3,2,1,2,4,6,8,7,5,9,3,6,3,7,4,10,0
5,7,2,3,2,1,2,4,6,8,7,5,9,3,6,3,7,4,10,0
0,0,0,0,0,0,0,0,0,0,5,6,11,5,7,10,14,22,17,0
0,0,0,0,0,0,0,0,0,0,5,6,11,5,7,10,14,22,17,0
0,0,0,0,0,0,0,0,0,0,5,1,12,8,21,19,27,25,37,0
0,0,0,0,0,0,0,0,0,0,5,1,12,8,21,19,27,25,37,0
0,0,0,0,0,0,0,0,0,0,5,1,12,8,21,19,27,25,37,0
0,0,0,0,0,0,0,0,0,0,5,1,12,8,21,19,27,25,37,0
9,5,0,2,6,1,4,3,2,6,9,6,8,4,8,10,15,20,33,0
9,5,0,2,6,1,4,3,2,6,9,6,8,4,8,10,15,20,33,0
9,5,0,2,6,1,4,3,2,6,9,6,8,4,8,10,15,20,33,0
9,5,0,2,6,1,4,3,2,6,9,6,8,4,8,10,15,20,33,0
21,11,16,9,23,7,6,1,3,8,5,7,6,4,10,9,5,17,9,0
21,11,16,9,23,7,6,1,3,8,5,7,6,4,10,9,5,17,9,0
21,11,16,9,23,7,6,1,3,8,5,7,6,4,10,9,5,17,9,0
21,11,16,9,23,7,6,1,3,8,5,7,6,4,10,9,5,17,9,0
21,11,16,9,23,7,6,1,3,8,5,7,6,4,10,9,5,17,9,0
21,11,16,9,23,7,6,1,3,8,5,7,6,4,10,9,5,17,9,0
21,11,16,9,23,7,6,1,3,8,5,7,6,4,10,9,5,17,9,0
21,11,16,9,23,7,6,1,3,8,5,7,6,4,10,9,5,17,9,0
21,11,16,9,23,7,6,1,3,8,5,7,6,4,10,9,5,17,9,0
21,11,16,9,23,7,6,1,3,8,5,7,6,4,10,9,5,17,9,0
21,11,16,9,23,7,6,1,3,8,5,7,6,4,10,9,5,17,9,0
21,11,16,9,23,7,6,1,3,8,5,7,6,4,10,9,5,17,9,0
21,11,16,9,23,7,6,1,3,8,5,7,6,4,10,9,5,17,9,0
21,11,16,9,23,7,6,1,3,8,5,7,6,4,10,9,5,17,9,0
1,0,4,1,1,2,9,5,5,8,10,5,7,5,13,9,22,22,17,0
1,0,4,1,1,2,9,5,5,8,10,5,7,5,13,9,22,22,17,0
1,0,4,1,1,2,9,5,5,8,10,5,7,5,13,9,22,22,17,0
1,0,4,1,1,2,9,5,5,8,10,5,7,5,13,9,22,22,17,0
3,9,18,6,16,14,14,10,6,14,21,22,22,14,26,15,24,21,18,0
3,9,18,6,16,14,14,10,6,14,21,22,22,14,26,15,24,21,18,0
3,9,18,6,16,14,14,10,6,14,21,22,22,14,26,15,24,21,18,0
3,9,18,6,16,14,14,10,6,14,21,22,22,14,26,15,24,21,18,0
3,9,18,6,16,14,14,10,6,14,21,22,22,14,26,15,24,21,18,0
3,9,18,6,16,14,14,10,6,14,21,22,22,14,26,15,24,21,18,0
3,9,18,6,16,14,14,10,6,14,21,22,22,14,26,15,24,21,18,0
3,9,18,6,16,14,14,10,6,14,21,22,22,14,26,15,24,21,18,0
3,9,18,6,16,14,14,10,6,14,21,22,22,14,26,15,24,21,18,0
3,9,18,6,16,14,14,10,6,14,21,22,22,14,26,15,24,21,18,0
3,9,18,6,16,14,14,10,6,14,21,22,22,14,26,15,24,21,18,0
3,9,18,6,16,14,14,10,6,14,21,22,22,14,26,15,24,21,18,0
12,4,11,5,10,7,9,16,8,18,18,22,8,6,13,12,13,20,18,0
12,4,11,5,10,7,9,16,8,18,18,22,8,6,13,12,13,20,18,0
12,4,11,5,10,7,9,16,8,18,18,22,8,6,13,12,13,20,18,0
12,4,11,5,10,7,9,16,8,18,18,22,8,6,13,12,13,20,18,0
12,4,11,5,10,7,9,16,8,18,18,22,8,6,13,12,13,20,18,0
12,4,11,5,10,7,9,16,8,18,18,22,8,6,13,12,13,20,18,0
12,4,11,5,10,7,9,16,8,18,18,22,8,6,13,12,13,20,18,0
12,4,11,5,10,7,9,16,8,18,18,22,8,6,13,12,13,20,18,0
12,4,11,5,10,7,9,16,8,18,18,22,8,6,13,12,13,20,18,0
12,4,11,5,10,7,9,16,8,18,18,22,8,6,13,12,13,20,18,0
12,4,11,5,10,7,9,16,8,18,18,22,8,6,13,12,13,20,18,0
10,16,11,10,10,7,7,6,7,6,5,3,2,1,4,3,2,2,2,0
10,16,11,10,10,7,7,6,7,6,5,3,2,1,4,3,2,2,2,0
10,16,11,10,10,7,7,6,7,6,5,3,2,1,4,3,2,2,2,0
10,16,11,10,10,7,7,6,7,6,5,3,2,1,4,3,2,2,2,0
10,16,11,10,10,7,7,6,7,6,5,3,2,1,4,3,2,2,2,0
10,16,11,10,10,7,7,6,7,6,5,3,2,1,4,3,2,2,2,0
10,16,11,10,10,7,7,6,7,6,5,3,2,1,4,3,2,2,2,0
10,16,11,10,10,7,7,6,7,6,5,3,2,1,4,3,2,2,2,0
10,16,11,10,10,7,7,6,7,6,5,3,2,1,4,3,2,2,2,0
10,16,11,10,10,7,7,6,7,6,5,3,2,1,4,3,2,2,2,0
4,2,6,3,6,4,9,3,3,9,6,10,8,3,5,4,13,11,15,0
4,2,6,3,6,4,9,3,3,9,6,10,8,3,5,4,13,11,15,0
4,2,6,3,6,4,9,3,3,9,6,10,8,3,5,4,13,11,15,0
4,2,6,3,6,4,9,3,3,9,6,10,8,3,5,4,13,11,15,0
0,0,0,0,0,0,0,0,0,0,1,6,9,13,18,16,18,28,21,0
0,0,0,0,0,0,0,0,0,0,1,6,9,13,18,16,18,28,21,0
0,0,0,0,0,0,0,0,0,0,1,6,9,13,18,16,18,28,21,0
16,21,12,17,16,3,11,8,7,7,8,3,6,7,4,3,3,3,2,0
16,21,12,17,16,3,11,8,7,7,8,3,6,7,4,3,3,3,2,0
16,21,12,17,16,3,11,8,7,7,8,3,6,7,4,3,3,3,2,0
16,21,12,17,16,3,11,8,7,7,8,3,6,7,4,3,3,3,2,0
16,21,12,17,16,3,11,8,7,7,8,3,6,7,4,3,3,3,2,0
16,21,12,17,16,3,11,8,7,7,8,3,6,7,4,3,3,3,2,0
16,21,12,17,16,3,11,8,7,7,8,3,6,7,4,3,3,3,2,0
16,21,12,17,16,3,11,8,7,7,8,3,6,7,4,3,3,3,2,0
16,21,12,17,16,3,11,8,7,7,8,3,6,7,4,3,3,3,2,0
16,21,12,17,16,3,11,8,7,7,8,3,6,7,4,3,3,3,2,0
16,21,12,17,16,3,11,8,7,7,8,3,6,7,4,3,3,3,2,0
16,21,12,17,16,3,11,8,7,7,8,3,6,7,4,3,3,3,2,0
16,21,12,17,16,3,11,8,7,7,8,3,6,7,4,3,3,3,2,0
16,21,12,17,16,3,11,8,7,7,8,3,6,7,4,3,3,3,2,0
0,0,0,0,2,0,2,0,0,2,2,3,5,4,6,8,20,22,22,0
0,0,0,0,2,0,2,0,0,2,2,3,5,4,6,8,20,22,22,0
9,8,5,4,6,6,4,3,6,6,11,16,14,4,8,7,13,18,12,0
9,8,5,4,6,6,4,3,6,6,11,16,14,4,8,7,13,18,12,0
9,8,5,4,6,6,4,3,6,6,11,16,14,4,8,7,13,18,12,0
9,8,5,4,6,6,4,3,6,6,11,16,14,4,8,7,13,18,12,0
9,8,5,4,6,6,4,3,6,6,11,16,14,4,8,7,13,18,12,0
9,8,5,4,6,6,4,3,6,6,11,16,14,4,8,7,13,18,12,0
9,8,5,4,6,6,4,3,6,6,11,16,14,4,8,7,13,18,12,0
9,8,5,4,6,6,4,3,6,6,11,16,14,4,8,7,13,18,12,0
26,15,13,3,16,2,3,6,8,7,11,15,12,1,3,2,13,12,7,0
26,15,13,3,16,2,3,6,8,7,11,15,12,1,3,2,13,12,7,0
26,15,13,3,16,2,3,6,8,7,11,15,12,1,3,2,13,12,7,0
26,15,13,3,16,2,3,6,8,7,11,15,12,1,3,2,13,12,7,0
26,15,13,3,16,2,3,6,8,7,11,15,12,1,3,2,13,12,7,0
26,15,13,3,16,2,3,6,8,7,11,15,12,1,3,2,13,12,7,0
26,15,13,3,16,2,3,6,8,7,11,15,12,1,3,2,13,12,7,0
26,15,13,3,16,2,3,6,8,7,11,15,12,1,3,2,13,12,7,0
26,15,13,3,16,2,3,6,8,7,11,15,12,1,3,2,13,12,7,0
26,15,13,3,16,2,3,6,8,7,11,15,12,1,3,2,13,12,7,0
26,15,13,3,16,2,3,6,8,7,11,15,12,1,3,2,13,12,7,0
26,15,13,3,16,2,3,6,8,7,11,15,12,1,3,2,13,12,7,0
9,2,7,9,12,7,5,4,8,11,7,11,5,3,2,2,4,7,6,0
9,2,7,9,12,7,5,4,8,11,7,11,5,3,2,2,4,7,6,0
9,2,7,9,12,7,5,4,8,11,7,11,5,3,2,2,4,7,6,0
9,2,7,9,12,7,5,4,8,11,7,11,5,3,2,2,4,7,6,0
9,2,7,9,12,7,5,4,8,11,7,11,5,3,2,2,4,7,6,0
9,2,7,9,12,7,5,4,8,11,7,11,5,3,2,2,4,7,6,0
9,2,7,9,12,7,5,4,8,11,7,11,5,3,2,2,4,7,6,0
9,2,7,9,12,7,5,4,8,11,7,11,5,3,2,2,4,7,6,0
9,2,7,9,12,7,5,4,8,11,7,11,5,3,2,2,4,7,6,0
2,4,10,3,8,4,1,6,5,3,6,8,8,5,7,5,3,6,5,0
2,4,10,3,8,4,1,6,5,3,6,8,8,5,7,5,3,6,5,0
2,4,10,3,8,4,1,6,5,3,6,8,8,5,7,5,3,6,5,0
0,0,0,0,0,0,0,2,5,9,4,14,15,11,4,3,13,10,7,0
0,0,0,0,0,0,0,2,5,9,4,14,15,11,4,3,13,10,7,0
0,0,0,0,3,2,4,8,7,8,10,11,21,6,15,11,15,23,23,0
0,0,0,0,3,2,4,8,7,8,10,11,21,6,15,11,15,23,23,0
0,0,0,0,3,2,4,8,7,8,10,11,21,6,15,11,15,23,23,0
0,0,0,0,3,2,4,8,7,8,10,11,21,6,15,11,15,23,23,0
0,0,0,0,3,2,4,8,7,8,10,11,21,6,15,11,15,23,23,0
0,0,0,0,3,2,4,8,7,8,10,11,21,6,15,11,15,23,23,0
0,0,0,2,7,4,10,7,3,8,12,10,5,5,3,4,7,5,10,0
0,0,0,2,7,4,10,7,3,8,12,10,5,5,3,4,7,5,10,0
0,0,0,2,7,4,10,7,3,8,12,10,5,5,3,4,7,5,10,0
0,0,0,0,0,0,0,2,3,4,4,2,14,12,5,12,14,24,16,0
0,0,0,0,0,0,0,2,3,4,4,2,14,12,5,12,14,24,16,0
0,0,0,0,0,0,0,2,3,4,4,2,14,12,5,12,14,24,16,0
0,0,0,0,8,10,14,13,22,23,28,31,50,30,25,27,50,59,80,0
0,0,0,0,8,10,14,13,22,23,28,31,50,30,25,27,50,59,80,0
0,0,0,0,8,10,14,13,22,23,28,31,50,30,25,27,50,59,80,0
0,0,0,0,8,10,14,13,22,23,28,31,50,30,25,27,50,59,80,0
0,0,0,0,8,10,14,13,22,23,28,31,50,30,25,27,50,59,80,0
0,0,0,0,8,10,14,13,22,23,28,31,50,30,25,27,50,59,80,0
0,0,0,0,8,10,14,13,22,23,28,31,50,30,25,27,50,59,80,0
0,0,0,0,8,10,14,13,22,23,28,31,50,30,25,27,50,59,80,0
0,0,0,0,8,10,14,13,22,23,28,31,50,30,25,27,50,59,80,0
0,0,0,0,8,10,14,13,22,23,28,31,50,30,25,27,50,59,80,0
0,0,0,0,0,0,0,0,0,0,0,0,3,4,12,27,21,52,40,0
0,0,0,0,0,0,0,0,0,0,0,0,3,4,12,27,21,52,40,0
0,0,0,0,0,0,0,0,0,0,0,0,3,4,12,27,21,52,40,0
0,0,0,0,0,0,6,8,7,15,9,10,14,8,7,4,8,6,5,0
0,0,0,0,0,0,6,8,7,15,9,10,14,8,7,4,8,6,5,0
0,0,0,0,0,0,6,8,7,15,9,10,14,8,7,4,8,6,5,0
0,0,0,0,0,0,6,8,7,15,9,10,14,8,7,4,8,6,5,0
0,0,0,0,0,5,6,6,7,8,6,8,8,6,4,4,7,10,7,0
0,0,0,0,0,5,6,6,7,8,6,8,8,6,4,4,7,10,7,0
0,0,0,0,0,0,0,0,0,0,8,12,13,1,13,10,30,16,32,0
0,0,0,0,0,0,0,0,0,0,8,12,13,1,13,10,30,16,32,0
0,0,0,0,0,0,0,0,0,0,8,12,13,1,13,10,30,16,32,0
0,0,0,0,0,3,8,3,11,17,16,2,17,4,6,3,4,0,5,0
0,0,0,0,0,3,8,3,11,17,16,2,17,4,6,3,4,0,5,0
0,0,0,0,0,3,8,3,11,17,16,2,17,4,6,3,4,0,5,0
0,0,0,0,0,3,8,3,11,17,16,2,17,4,6,3,4,0,5,0
4,3,4,3,9,2,8,7,4,9,8,9,5,3,3,6,5,6,7,0
4,3,4,3,9,2,8,7,4,9,8,9,5,3,3,6,5,6,7,0
4,3,4,3,9,2,8,7,4,9,8,9,5,3,3,6,5,6,7,0
4,3,4,3,9,2,8,7,4,9,8,9,5,3,3,6,5,6,7,0
0,0,0,0,7,7,13,13,20,16,20,16,11,7,7,6,6,3,4,0
0,0,0,0,7,7,13,13,20,16,20,16,11,7,7,6,6,3,4,0
0,0,0,0,7,7,13,13,20,16,20,16,11,7,7,6,6,3,4,0
0,0,0,0,7,7,13,13,20,16,20,16,11,7,7,6,6,3,4,0
0,0,0,0,7,7,13,13,20,16,20,16,11,7,7,6,6,3,4,0
0,0,0,0,7,7,13,13,20,16,20,16,11,7,7,6,6,3,4,0
0,0,0,0,7,7,13,13,20,16,20,16,11,7,7,6,6,3,4,0
0,0,0,0,7,7,13,13,20,16,20,16,11,7,7,6,6,3,4,0
0,0,0,0,7,7,13,13,20,16,20,16,11,7,7,6,6,3,4,0
0,0,0,0,7,7,13,13,20,16,20,16,11,7,7,6,6,3,4,0
10,13,14,9,9,7,9,1,2,4,2,0,2,0,2,1,4,3,4,0
10,13,14,9,9,7,9,1,2,4,2,0,2,0,2,1,4,3,4,0
10,13,14,9,9,7,9,1,2,4,2,0,2,0,2,1,4,3,4,0
0,0,3,3,17,8,6,5,6,8,10,10,4,4,2,1,4,5,6,0
0,0,3,3,17,8,6,5,6,8,10,10,4,4,2,1,4,5,6,0
0,0,3,3,17,8,6,5,6,8,10,10,4,4,2,1,4,5,6,0
0,0,3,3,17,8,6,5,6,8,10,10,4,4,2,1,4,5,6,0
7,4,11,8,15,18,23,26,15,31,26,28,36,20,19,14,35,25,44,0
7,4,11,8,15,18,23,26,15,31,26,28,36,20,19,14,35,25,44,0
7,4,11,8,15,18,23,26,15,31,26,28,36,20,19,14,35,25,44,0
7,4,11,8,15,18,23,26,15,31,26,28,36,20,19,14,35,25,44,0
7,4,11,8,15,18,23,26,15,31,26,28,36,20,19,14,35,25,44,0
7,4,11,8,15,18,23,26,15,31,26,28,36,20,19,14,35,25,44,0
7,4,11,8,15,18,23,26,15,31,26,28,36,20,19,14,35,25,44,0
7,4,11,8,15,18,23,26,15,31,26,28,36,20,19,14,35,25,44,0
7,4,11,8,15,18,23,26,15,31,26,28,36,20,19,14,35,25,44,0
7,4,11,8,15,18,23,26,15,31,26,28,36,20,19,14,35,25,44,0
7,4,11,8,15,18,23,26,15,31,26,28,36,20,19,14,35,25,44,0
7,4,11,8,15,18,23,26,15,31,26,28,36,20,19,14,35,25,44,0
7,4,11,8,15,18,23,26,15,31,26,28,36,20,19,14,35,25,44,0
0,0,0,0,0,3,12,20,12,16,22,23,16,10,7,3,4,11,4,0
0,0,0,0,0,3,12,20,12,16,22,23,16,10,7,3,4,11,4,0
0,0,0,0,0,3,12,20,12,16,22,23,16,10,7,3,4,11,4,0
0,0,0,0,0,3,12,20,12,16,22,23,16,10,7,3,4,11,4,0
0,0,0,0,0,3,12,20,12,16,22,23,16,10,7,3,4,11,4,0
0,0,0,0,0,3,12,20,12,16,22,23,16,10,7,3,4,11,4,0
0,0,0,0,0,3,12,20,12,16,22,23,16,10,7,3,4,11,4,0
0,0,0,0,0,3,12,20,12,16,22,23,16,10,7,3,4,11,4,0
0,0,0,0,0,3,12,20,12,16,22,23,16,10,7,3,4,11,4,0
0,0,4,7,19,5,7,9,6,13,11,5,3,7,1,4,2,10,5,0
0,0,4,7,19,5,7,9,6,13,11,5,3,7,1,4,2,10,5,0
0,0,4,7,19,5,7,9,6,13,11,5,3,7,1,4,2,10,5,0
0,0,4,7,19,5,7,9,6,13,11,5,3,7,1,4,2,10,5,0
0,0,4,7,19,5,7,9,6,13,11,5,3,7,1,4,2,10,5,0
0,0,4,7,19,5,7,9,6,13,11,5,3,7,1,4,2,10,5,0
0,0,4,7,19,5,7,9,6,13,11,5,3,7,1,4,2,10,5,0
0,0,0,0,0,0,0,0,0,0,0,3,7,11,5,7,23,25,10,0
0,0,0,0,0,0,0,0,0,0,0,3,7,11,5,7,23,25,10,0
0,0,0,2,12,8,7,10,7,6,21,3,2,2,1,2,3,1,5,0
0,0,0,2,12,8,7,10,7,6,21,3,2,2,1,2,3,1,5,0
0,2,2,1,3,0,6,5,3,7,6,8,8,8,3,6,12,20,26,0
0,2,2,1,3,0,6,5,3,7,6,8,8,8,3,6,12,20,26,0
0,2,2,1,3,0,6,5,3,7,6,8,8,8,3,6,12,20,26,0
17,10,11,6,7,2,6,5,11,6,7,11,11,3,0,1,4,3,3,0
17,10,11,6,7,2,6,5,11,6,7,11,11,3,0,1,4,3,3,0
17,10,11,6,7,2,6,5,11,6,7,11,11,3,0,1,4,3,3,0
17,10,11,6,7,2,6,5,11,6,7,11,11,3,0,1,4,3,3,0
17,10,11,6,7,2,6,5,11,6,7,11,11,3,0,1,4,3,3,0
17,10,11,6,7,2,6,5,11,6,7,11,11,3,0,1,4,3,3,0
17,10,11,6,7,2,6,5,11,6,7,11,11,3,0,1,4,3,3,0
17,10,11,6,7,2,6,5,11,6,7,11,11,3,0,1,4,3,3,0
17,10,11,6,7,2,6,5,11,6,7,11,11,3,0,1,4,3,3,0
5,6,4,3,6,1,5,1,4,5,7,11,4,6,6,4,7,14,9,0
5,6,4,3,6,1,5,1,4,5,7,11,4,6,6,4,7,14,9,0
5,6,4,3,6,1,5,1,4,5,7,11,4,6,6,4,7,14,9,0
8,3,11,5,11,5,17,2,13,13,18,13,14,7,9,9,13,6,11,0
8,3,11,5,11,5,17,2,13,13,18,13,14,7,9,9,13,6,11,0
8,3,11,5,11,5,17,2,13,13,18,13,14,7,9,9,13,6,11,0
8,3,11,5,11,5,17,2,13,13,18,13,14,7,9,9,13,6,11,0
8,3,11,5,11,5,17,2,13,13,18,13,14,7,9,9,13,6,11,0
8,3,11,5,11,5,17,2,13,13,18,13,14,7,9,9,13,6,11,0
8,3,11,5,11,5,17,2,13,13,18,13,14,7,9,9,13,6,11,0
8,3,11,5,11,5,17,2,13,13,18,13,14,7,9,9,13,6,11,0
8,3,11,5,11,5,17,2,13,13,18,13,14,7,9,9,13,6,11,0
8,3,11,5,11,5,17,2,13,13,18,13,14,7,9,9,13,6,11,0
7,5,8,0,3,2,6,4,6,9,13,12,20,9,12,14,16,24,18,0
7,5,8,0,3,2,6,4,6,9,13,12,20,9,12,14,16,24,18,0
7,5,8,0,3,2,6,4,6,9,13,12,20,9,12,14,16,24,18,0
7,5,8,0,3,2,6,4,6,9,13,12,20,9,12,14,16,24,18,0
7,5,8,0,3,2,6,4,6,9,13,12,20,9,12,14,16,24,18,0
7,5,8,0,3,2,6,4,6,9,13,12,20,9,12,14,16,24,18,0
7,5,8,0,3,2,6,4,6,9,13,12,20,9,12,14,16,24,18,0
7,5,8,0,3,2,6,4,6,9,13,12,20,9,12,14,16,24,18,0
13,14,24,12,5,7,13,10,6,5,5,3,7,2,3,2,1,4,4,0
13,14,24,12,5,7,13,10,6,5,5,3,7,2,3,2,1,4,4,0
13,14,24,12,5,7,13,10,6,5,5,3,7,2,3,2,1,4,4,0
13,14,24,12,5,7,13,10,6,5,5,3,7,2,3,2,1,4,4,0
13,14,24,12,5,7,13,10,6,5,5,3,7,2,3,2,1,4,4,0
13,14,24,12,5,7,13,10,6,5,5,3,7,2,3,2,1,4,4,0
13,14,24,12,5,7,13,10,6,5,5,3,7,2,3,2,1,4,4,0
13,14,24,12,5,7,13,10,6,5,5,3,7,2,3,2,1,4,4,0
13,14,24,12,5,7,13,10,6,5,5,3,7,2,3,2,1,4,4,0
13,14,24,12,5,7,13,10,6,5,5,3,7,2,3,2,1,4,4,0
13,14,24,12,5,7,13,10,6,5,5,3,7,2,3,2,1,4,4,0
13,14,24,12,5,7,13,10,6,5,5,3,7,2,3,2,1,4,4,0
13,14,24,12,5,7,13,10,6,5,5,3,7,2,3,2,1,4,4,0
10,12,29,16,32,23,58,33,56,63,75,83,57,39,42,33,58,45,52,0
10,12,29,16,32,23,58,33,56,63,75,83,57,39,42,33,58,45,52,0
10,12,29,16,32,23,58,33,56,63,75,83,57,39,42,33,58,45,52,0
10,12,29,16,32,23,58,33,56,63,75,83,57,39,42,33,58,45,52,0
10,12,29,16,32,23,58,33,56,63,75,83,57,39,42,33,58,45,52,0
10,12,29,16,32,23,58,33,56,63,75,83,57,39,42,33,58,45,52,0
10,12,29,16,32,23,58,33,56,63,75,83,57,39,42,33,58,45,52,0
10,12,29,16,32,23,58,33,56,63,75,83,57,39,42,33,58,45,52,0
10,12,29,16,32,23,58,33,56,63,75,83,57,39,42,33,58,45,52,0
10,12,29,16,32,23,58,33,56,63,75,83,57,39,42,33,58,45,52,0
10,12,29,16,32,23,58,33,56,63,75,83,57,39,42,33,58,45,52,0
10,12,29,16,32,23,58,33,56,63,75,83,57,39,42,33,58,45,52,0
10,12,29,16,32,23,58,33,56,63,75,83,57,39,42,33,58,45,52,0
10,12,29,16,32,23,58,33,56,63,75,83,57,39,42,33,58,45,52,0
10,12,29,16,32,23,58,33,56,63,75,83,57,39,42,33,58,45,52,0
10,12,29,16,32,23,58,33,56,63,75,83,57,39,42,33,58,45,52,0
5,3,1,2,3,3,8,8,4,9,8,11,6,2,11,3,5,6,5,0
5,3,1,2,3,3,8,8,4,9,8,11,6,2,11,3,5,6,5,0
5,3,1,2,3,3,8,8,4,9,8,11,6,2,11,3,5,6,5,0
5,3,1,2,3,3,8,8,4,9,8,11,6,2,11,3,5,6,5,0
7,5,17,7,10,10,16,9,13,21,21,27,41,12,31,23,59,86,55,2
7,5,17,7,10,10,16,9,13,21,21,27,41,12,31,23,59,86,55,2
7,5,17,7,10,10,16,9,13,21,21,27,41,12,31,23,59,86,55,2
7,5,17,7,10,10,16,9,13,21,21,27,41,12,31,23,59,86,55,2
7,5,17,7,10,10,16,9,13,21,21,27,41,12,31,23,59,86,55,2
7,5,17,7,10,10,16,9,13,21,21,27,41,12,31,23,59,86,55,2
7,5,17,7,10,10,16,9,13,21,21,27,41,12,31,23,59,86,55,2
7,5,17,7,10,10,16,9,13,21,21,27,41,12,31,23,59,86,55,2
7,5,17,7,10,10,16,9,13,21,21,27,41,12,31,23,59,86,55,2
7,5,17,7,10,10,16,9,13,21,21,27,41,12,31,23,59,86,55,2
7,5,17,7,10,10,16,9,13,21,21,27,41,12,31,23,59,86,55,2
7,5,17,7,10,10,16,9,13,21,21,27,41,12,31,23,59,86,55,2
15,8,16,2,10,0,7,8,6,14,14,3,3,4,3,2,2,7,5,0
15,8,16,2,10,0,7,8,6,14,14,3,3,4,3,2,2,7,5,0
15,8,16,2,10,0,7,8,6,14,14,3,3,4,3,2,2,7,5,0
15,8,16,2,10,0,7,8,6,14,14,3,3,4,3,2,2,7,5,0
15,8,16,2,10,0,7,8,6,14,14,3,3,4,3,2,2,7,5,0
15,8,16,2,10,0,7,8,6,14,14,3,3,4,3,2,2,7,5,0
15,8,16,2,10,0,7,8,6,14,14,3,3,4,3,2,2,7,5,0
15,8,16,2,10,0,7,8,6,14,14,3,3,4,3,2,2,7,5,0
15,8,16,2,10,0,7,8,6,14,14,3,3,4,3,2,2,7,5,0
15,8,16,2,10,0,7,8,6,14,14,3,3,4,3,2,2,7,5,0
8,11,8,12,12,4,7,5,11,8,6,3,7,2,1,0,0,2,1,0
8,11,8,12,12,4,7,5,11,8,6,3,7,2,1,0,0,2,1,0
8,11,8,12,12,4,7,5,11,8,6,3,7,2,1,0,0,2,1,0
8,11,8,12,12,4,7,5,11,8,6,3,7,2,1,0,0,2,1,0
8,11,8,12,12,4,7,5,11,8,6,3,7,2,1,0,0,2,1,0
8,11,8,12,12,4,7,5,11,8,6,3,7,2,1,0,0,2,1,0
8,11,8,12,12,4,7,5,11,8,6,3,7,2,1,0,0,2,1,0
8,11,8,12,12,4,7,5,11,8,6,3,7,2,1,0,0,2,1,0
8,11,8,12,12,4,7,5,11,8,6,3,7,2,1,0,0,2,1,0
8,11,8,12,12,4,7,5,11,8,6,3,7,2,1,0,0,2,1,0
16,39,31,11,16,14,17,4,5,3,3,8,9,1,4,0,1,2,0,0
16,39,31,11,16,14,17,4,5,3,3,8,9,1,4,0,1,2,0,0
16,39,31,11,16,14,17,4,5,3,3,8,9,1,4,0,1,2,0,0
16,39,31,11,16,14,17,4,5,3,3,8,9,1,4,0,1,2,0,0
16,39,31,11,16,14,17,4,5,3,3,8,9,1,4,0,1,2,0,0
16,39,31,11,16,14,17,4,5,3,3,8,9,1,4,0,1,2,0,0
16,39,31,11,16,14,17,4,5,3,3,8,9,1,4,0,1,2,0,0
16,39,31,11,16,14,17,4,5,3,3,8,9,1,4,0,1,2,0,0
16,39,31,11,16,14,17,4,5,3,3,8,9,1,4,0,1,2,0,0
16,39,31,11,16,14,17,4,5,3,3,8,9,1,4,0,1,2,0,0
16,39,31,11,16,14,17,4,5,3,3,8,9,1,4,0,1,2,0,0
16,39,31,11,16,14,17,4,5,3,3,8,9,1,4,0,1,2,0,0
16,39,31,11,16,14,17,4,5,3,3,8,9,1,4,0,1,2,0,0
16,39,31,11,16,14,17,4,5,3,3,8,9,1,4,0,1,2,0,0
16,39,31,11,16,14,17,4,5,3,3,8,9,1,4,0,1,2,0,0
16,39,31,11,16,14,17,4,5,3,3,8,9,1,4,0,1,2,0,0
16,39,31,11,16,14,17,4,5,3,3,8,9,1,4,0,1,2,0,0
1,1,1,2,6,2,1,4,4,5,7,10,12,1,9,9,17,11,9,0
1,1,1,2,6,2,1,4,4,5,7,10,12,1,9,9,17,11,9,0
1,1,1,2,6,2,1,4,4,5,7,10,12,1,9,9,17,11,9,0
1,1,1,2,6,2,1,4,4,5,7,10,12,1,9,9,17,11,9,0
6,2,3,7,7,3,9,8,11,4,14,20,9,7,14,15,5,19,13,0
6,2,3,7,7,3,9,8,11,4,14,20,9,7,14,15,5,19,13,0
6,2,3,7,7,3,9,8,11,4,14,20,9,7,14,15,5,19,13,0
6,2,3,7,7,3,9,8,11,4,14,20,9,7,14,15,5,19,13,0
6,2,3,7,7,3,9,8,11,4,14,20,9,7,14,15,5,19,13,0
6,2,3,7,7,3,9,8,11,4,14,20,9,7,14,15,5,19,13,0
6,2,3,7,7,3,9,8,11,4,14,20,9,7,14,15,5,19,13,0
6,2,3,7,7,3,9,8,11,4,14,20,9,7,14,15,5,19,13,0
6,2,3,7,7,3,9,8,11,4,14,20,9,7,14,15,5,19,13,0
19,14,13,5,9,6,4,3,7,5,4,2,1,3,0,0,1,0,1,0
19,14,13,5,9,6,4,3,7,5,4,2,1,3,0,0,1,0,1,0
19,14,13,5,9,6,4,3,7,5,4,2,1,3,0,0,1,0,1,0
19,14,13,5,9,6,4,3,7,5,4,2,1,3,0,0,1,0,1,0
19,14,13,5,9,6,4,3,7,5,4,2,1,3,0,0,1,0,1,0
19,14,13,5,9,6,4,3,7,5,4,2,1,3,0,0,1,0,1,0
19,14,13,5,9,6,4,3,7,5,4,2,1,3,0,0,1,0,1,0
19,14,13,5,9,6,4,3,7,5,4,2,1,3,0,0,1,0,1,0
19,14,13,5,9,6,4,3,7,5,4,2,1,3,0,0,1,0,1,0
14,19,30,17,30,10,14,1,12,16,9,10,3,5,2,10,0,8,0,0
14,19,30,17,30,10,14,1,12,16,9,10,3,5,2,10,0,8,0,0
14,19,30,17,30,10,14,1,12,16,9,10,3,5,2,10,0,8,0,0
14,19,30,17,30,10,14,1,12,16,9,10,3,5,2,10,0,8,0,0
14,19,30,17,30,10,14,1,12,16,9,10,3,5,2,10,0,8,0,0
14,19,30,17,30,10,14,1,12,16,9,10,3,5,2,10,0,8,0,0
14,19,30,17,30,10,14,1,12,16,9,10,3,5,2,10,0,8,0,0
14,19,30,17,30,10,14,1,12,16,9,10,3,5,2,10,0,8,0,0
14,19,30,17,30,10,14,1,12,16,9,10,3,5,2,10,0,8,0,0
14,19,30,17,30,10,14,1,12,16,9,10,3,5,2,10,0,8,0,0
14,19,30,17,30,10,14,1,12,16,9,10,3,5,2,10,0,8,0,0
14,19,30,17,30,10,14,1,12,16,9,10,3,5,2,10,0,8,0,0
14,19,30,17,30,10,14,1,12,16,9,10,3,5,2,10,0,8,0,0
14,19,30,17,30,10,14,1,12,16,9,10,3,5,2,10,0,8,0,0
14,19,30,17,30,10,14,1,12,16,9,10,3,5,2,10,0,8,0,0
14,19,30,17,30,10,14,1,12,16,9,10,3,5,2,10,0,8,0,0
15,7,11,5,15,8,7,6,5,6,12,13,8,2,3,8,5,4,8,0
15,7,11,5,15,8,7,6,5,6,12,13,8,2,3,8,5,4,8,0
15,7,11,5,15,8,7,6,5,6,12,13,8,2,3,8,5,4,8,0
15,7,11,5,15,8,7,6,5,6,12,13,8,2,3,8,5,4,8,0
15,7,11,5,15,8,7,6,5,6,12,13,8,2,3,8,5,4,8,0
15,7,11,5,15,8,7,6,5,6,12,13,8,2,3,8,5,4,8,0
15,7,11,5,15,8,7,6,5,6,12,13,8,2,3,8,5,4,8,0
15,7,11,5,15,8,7,6,5,6,12,13,8,2,3,8,5,4,8,0
15,7,11,5,15,8,7,6,5,6,12,13,8,2,3,8,5,4,8,0
15,7,11,5,15,8,7,6,5,6,12,13,8,2,3,8,5,4,8,0
9,8,7,3,10,4,7,7,3,7,2,6,5,1,1,3,6,7,10,0
9,8,7,3,10,4,7,7,3,7,2,6,5,1,1,3,6,7,10,0
9,8,7,3,10,4,7,7,3,7,2,6,5,1,1,3,6,7,10,0
1,4,3,1,2,3,12,2,5,9,5,10,10,5,2,2,6,6,6,0
1,4,3,1,2,3,12,2,5,9,5,10,10,5,2,2,6,6,6,0
11,7,4,7,12,4,15,10,14,16,20,21,21,6,19,21,12,11,4,1
11,7,4,7,12,4,15,10,14,16,20,21,21,6,19,21,12,11,4,1
11,7,4,7,12,4,15,10,14,16,20,21,21,6,19,21,12,11,4,1
11,7,4,7,12,4,15,10,14,16,20,21,21,6,19,21,12,11,4,1
11,7,4,7,12,4,15,10,14,16,20,21,21,6,19,21,12,11,4,1
11,7,4,7,12,4,15,10,14,16,20,21,21,6,19,21,12,11,4,1
11,7,4,7,12,4,15,10,14,16,20,21,21,6,19,21,12,11,4,1
11,7,4,7,12,4,15,10,14,16,20,21,21,6,19,21,12,11,4,1
11,7,4,7,12,4,15,10,14,16,20,21,21,6,19,21,12,11,4,1
11,7,4,7,12,4,15,10,14,16,20,21,21,6,19,21,12,11,4,1
11,7,4,7,12,4,15,10,14,16,20,21,21,6,19,21,12,11,4,1
2,4,2,0,7,4,5,2,4,8,9,5,6,4,3,5,14,15,5,0
2,4,2,0,7,4,5,2,4,8,9,5,6,4,3,5,14,15,5,0
2,4,2,0,7,4,5,2,4,8,9,5,6,4,3,5,14,15,5,0
11,6,5,6,5,5,6,5,3,8,8,8,9,1,4,1,9,3,2,0
11,6,5,6,5,5,6,5,3,8,8,8,9,1,4,1,9,3,2,0
11,6,5,6,5,5,6,5,3,8,8,8,9,1,4,1,9,3,2,0
11,6,5,6,5,5,6,5,3,8,8,8,9,1,4,1,9,3,2,0
11,6,5,6,5,5,6,5,3,8,8,8,9,1,4,1,9,3,2,0
4,2,7,6,4,3,5,3,4,8,5,4,6,2,6,4,10,6,5,0
4,2,7,6,4,3,5,3,4,8,5,4,6,2,6,4,10,6,5,0
9,12,20,8,9,7,12,10,9,1,9,2,1,0,1,2,0,0,0,0
9,12,20,8,9,7,12,10,9,1,9,2,1,0,1,2,0,0,0,0
9,12,20,8,9,7,12,10,9,1,9,2,1,0,1,2,0,0,0,0
9,12,20,8,9,7,12,10,9,1,9,2,1,0,1,2,0,0,0,0
9,12,20,8,9,7,12,10,9,1,9,2,1,0,1,2,0,0,0,0
9,12,20,8,9,7,12,10,9,1,9,2,1,0,1,2,0,0,0,0
9,12,20,8,9,7,12,10,9,1,9,2,1,0,1,2,0,0,0,0
9,12,20,8,9,7,12,10,9,1,9,2,1,0,1,2,0,0,0,0
9,12,20,8,9,7,12,10,9,1,9,2,1,0,1,2,0,0,0,0
9,12,20,8,9,7,12,10,9,1,9,2,1,0,1,2,0,0,0,0
9,12,20,8,9,7,12,10,9,1,9,2,1,0,1,2,0,0,0,0
9,12,20,8,9,7,12,10,9,1,9,2,1,0,1,2,0,0,0,0
16,10,17,12,18,10,14,3,7,9,5,12,5,7,8,5,11,11,5,0
16,10,17,12,18,10,14,3,7,9,5,12,5,7,8,5,11,11,5,0
16,10,17,12,18,10,14,3,7,9,5,12,5,7,8,5,11,11,5,0
16,10,17,12,18,10,14,3,7,9,5,12,5,7,8,5,11,11,5,0
16,10,17,12,18,10,14,3,7,9,5,12,5,7,8,5,11,11,5,0
16,10,17,12,18,10,14,3,7,9,5,12,5,7,8,5,11,11,5,0
16,10,17,12,18,10,14,3,7,9,5,12,5,7,8,5,11,11,5,0
16,10,17,12,18,10,14,3,7,9,5,12,5,7,8,5,11,11,5,0
16,10,17,12,18,10,14,3,7,9,5,12,5,7,8,5,11,11,5,0
16,10,17,12,18,10,14,3,7,9,5,12,5,7,8,5,11,11,5,0
16,10,17,12,18,10,14,3,7,9,5,12,5,7,8,5,11,11,5,0
16,10,17,12,18,10,14,3,7,9,5,12,5,7,8,5,11,11,5,0
16,10,17,12,18,10,14,3,7,9,5,12,5,7,8,5,11,11,5,0
16,10,17,12,18,10,14,3,7,9,5,12,5,7,8,5,11,11,5,0
2,2,7,4,5,4,5,7,3,7,15,11,4,4,2,3,3,5,1,0
2,2,7,4,5,4,5,7,3,7,15,11,4,4,2,3,3,5,1,0
2,2,7,4,5,4,5,7,3,7,15,11,4,4,2,3,3,5,1,0
5,4,10,3,8,10,9,11,6,18,27,21,8,2,7,2,2,0,0,0
5,4,10,3,8,10,9,11,6,18,27,21,8,2,7,2,2,0,0,0
5,4,10,3,8,10,9,11,6,18,27,21,8,2,7,2,2,0,0,0
5,4,10,3,8,10,9,11,6,18,27,21,8,2,7,2,2,0,0,0
5,4,10,3,8,10,9,11,6,18,27,21,8,2,7,2,2,0,0,0
5,4,10,3,8,10,9,11,6,18,27,21,8,2,7,2,2,0,0,0
5,4,10,3,8,10,9,11,6,18,27,21,8,2,7,2,2,0,0,0
5,4,10,3,8,10,9,11,6,18,27,21,8,2,7,2,2,0,0,0
5,4,10,3,8,10,9,11,6,18,27,21,8,2,7,2,2,0,0,0
5,4,10,3,8,10,9,11,6,18,27,21,8,2,7,2,2,0,0,0
1,1,5,5,1,1,12,8,6,5,10,8,12,4,16,13,9,29,37,0
1,1,5,5,1,1,12,8,6,5,10,8,12,4,16,13,9,29,37,0
1,1,5,5,1,1,12,8,6,5,10,8,12,4,16,13,9,29,37,0
1,1,5,5,1,1,12,8,6,5,10,8,12,4,16,13,9,29,37,0
1,1,5,5,1,1,12,8,6,5,10,8,12,4,16,13,9,29,37,0
1,1,5,5,1,1,12,8,6,5,10,8,12,4,16,13,9,29,37,0
0,1,3,3,5,1,5,2,6,9,5,5,26,10,3,19,20,20,24,2
0,1,3,3,5,1,5,2,6,9,5,5,26,10,3,19,20,20,24,2
0,1,3,3,5,1,5,2,6,9,5,5,26,10,3,19,20,20,24,2
0,1,3,3,5,1,5,2,6,9,5,5,26,10,3,19,20,20,24,2
0,1,3,3,5,1,5,2,6,9,5,5,26,10,3,19,20,20,24,2
0,0,0,0,4,0,4,2,5,7,1,12,5,7,8,14,20,21,33,0
0,0,0,0,4,0,4,2,5,7,1,12,5,7,8,14,20,21,33,0
0,0,0,0,4,0,4,2,5,7,1,12,5,7,8,14,20,21,33,0
11,20,16,17,15,9,8,2,1,0,1,7,3,1,4,0,0,2,0,0
11,20,16,17,15,9,8,2,1,0,1,7,3,1,4,0,0,2,0,0
11,20,16,17,15,9,8,2,1,0,1,7,3,1,4,0,0,2,0,0
11,20,16,17,15,9,8,2,1,0,1,7,3,1,4,0,0,2,0,0
11,20,16,17,15,9,8,2,1,0,1,7,3,1,4,0,0,2,0,0
11,20,16,17,15,9,8,2,1,0,1,7,3,1,4,0,0,2,0,0
11,20,16,17,15,9,8,2,1,0,1,7,3,1,4,0,0,2,0,0
11,20,16,17,15,9,8,2,1,0,1,7,3,1,4,0,0,2,0,0
11,20,16,17,15,9,8,2,1,0,1,7,3,1,4,0,0,2,0,0
11,20,16,17,15,9,8,2,1,0,1,7,3,1,4,0,0,2,0,0
11,20,16,17,15,9,8,2,1,0,1,7,3,1,4,0,0,2,0,0
11,20,16,17,15,9,8,2,1,0,1,7,3,1,4,0,0,2,0,0
11,20,16,17,15,9,8,2,1,0,1,7,3,1,4,0,0,2,0,0
11,20,16,17,15,9,8,2,1,0,1,7,3,1,4,0,0,2,0,0
23,17,34,28,42,20,14,8,11,15,13,15,7,2,4,0,6,5,2,0
23,17,34,28,42,20,14,8,11,15,13,15,7,2,4,0,6,5,2,0
23,17,34,28,42,20,14,8,11,15,13,15,7,2,4,0,6,5,2,0
23,17,34,28,42,20,14,8,11,15,13,15,7,2,4,0,6,5,2,0
23,17,34,28,42,20,14,8,11,15,13,15,7,2,4,0,6,5,2,0
23,17,34,28,42,20,14,8,11,15,13,15,7,2,4,0,6,5,2,0
23,17,34,28,42,20,14,8,11,15,13,15,7,2,4,0,6,5,2,0
23,17,34,28,42,20,14,8,11,15,13,15,7,2,4,0,6,5,2,0
23,17,34,28,42,20,14,8,11,15,13,15,7,2,4,0,6,5,2,0
23,17,34,28,42,20,14,8,11,15,13,15,7,2,4,0,6,5,2,0
23,17,34,28,42,20,14,8,11,15,13,15,7,2,4,0,6,5,2,0
23,17,34,28,42,20,14,8,11,15,13,15,7,2,4,0,6,5,2,0
23,17,34,28,42,20,14,8,11,15,13,15,7,2,4,0,6,5,2,0
23,17,34,28,42,20,14,8,11,15,13,15,7,2,4,0,6,5,2,0
23,17,34,28,42,20,14,8,11,15,13,15,7,2,4,0,6,5,2,0
23,17,34,28,42,20,14,8,11,15,13,15,7,2,4,0,6,5,2,0
23,17,34,28,42,20,14,8,11,15,13,15,7,2,4,0,6,5,2,0
7,4,9,2,9,2,8,5,15,15,10,14,13,3,1,4,5,5,2,0
7,4,9,2,9,2,8,5,15,15,10,14,13,3,1,4,5,5,2,0
7,4,9,2,9,2,8,5,15,15,10,14,13,3,1,4,5,5,2,0
7,4,9,2,9,2,8,5,15,15,10,14,13,3,1,4,5,5,2,0
7,4,9,2,9,2,8,5,15,15,10,14,13,3,1,4,5,5,2,0
7,4,9,2,9,2,8,5,15,15,10,14,13,3,1,4,5,5,2,0
7,4,9,2,9,2,8,5,15,15,10,14,13,3,1,4,5,5,2,0
7,4,9,2,9,2,8,5,15,15,10,14,13,3,1,4,5,5,2,0
7,4,9,2,9,2,8,5,15,15,10,14,13,3,1,4,5,5,2,0
8,3,3,0,10,2,9,11,6,11,8,10,8,7,6,7,8,9,4,0
8,3,3,0,10,2,9,11,6,11,8,10,8,7,6,7,8,9,4,0
8,3,3,0,10,2,9,11,6,11,8,10,8,7,6,7,8,9,4,0
8,3,3,0,10,2,9,11,6,11,8,10,8,7,6,7,8,9,4,0
8,3,3,0,10,2,9,11,6,11,8,10,8,7,6,7,8,9,4,0
8,3,3,0,10,2,9,11,6,11,8,10,8,7,6,7,8,9,4,0
8,3,3,0,10,2,9,11,6,11,8,10,8,7,6,7,8,9,4,0
3,7,11,11,11,12,13,10,16,23,20,16,11,8,10,6,5,4,7,0
3,7,11,11,11,12,13,10,16,23,20,16,11,8,10,6,5,4,7,0
3,7,11,11,11,12,13,10,16,23,20,16,11,8,10,6,5,4,7,0
3,7,11,11,11,12,13,10,16,23,20,16,11,8,10,6,5,4,7,0
3,7,11,11,11,12,13,10,16,23,20,16,11,8,10,6,5,4,7,0
3,7,11,11,11,12,13,10,16,23,20,16,11,8,10,6,5,4,7,0
3,7,11,11,11,12,13,10,16,23,20,16,11,8,10,6,5,4,7,0
3,7,11,11,11,12,13,10,16,23,20,16,11,8,10,6,5,4,7,0
3,7,11,11,11,12,13,10,16,23,20,16,11,8,10,6,5,4,7,0
3,7,11,11,11,12,13,10,16,23,20,16,11,8,10,6,5,4,7,0
3,7,11,11,11,12,13,10,16,23,20,16,11,8,10,6,5,4,7,0
3,7,11,11,11,12,13,10,16,23,20,16,11,8,10,6,5,4,7,0
4,3,5,2,2,8,2,6,4,8,3,11,5,2,4,1,5,12,6,0
4,3,5,2,2,8,2,6,4,8,3,11,5,2,4,1,5,12,6,0
10,20,16,9,17,16,23,15,11,11,12,19,14,9,7,8,6,9,6,0
10,20,16,9,17,16,23,15,11,11,12,19,14,9,7,8,6,9,6,0
10,20,16,9,17,16,23,15,11,11,12,19,14,9,7,8,6,9,6,0
10,20,16,9,17,16,23,15,11,11,12,19,14,9,7,8,6,9,6,0
10,20,16,9,17,16,23,15,11,11,12,19,14,9,7,8,6,9,6,0
10,20,16,9,17,16,23,15,11,11,12,19,14,9,7,8,6,9,6,0
10,20,16,9,17,16,23,15,11,11,12,19,14,9,7,8,6,9,6,0
10,20,16,9,17,16,23,15,11,11,12,19,14,9,7,8,6,9,6,0
10,20,16,9,17,16,23,15,11,11,12,19,14,9,7,8,6,9,6,0
10,20,16,9,17,16,23,15,11,11,12,19,14,9,7,8,6,9,6,0
10,20,16,9,17,16,23,15,11,11,12,19,14,9,7,8,6,9,6,0
10,20,16,9,17,16,23,15,11,11,12,19,14,9,7,8,6,9,6,0
10,20,16,9,17,16,23,15,11,11,12,19,14,9,7,8,6,9,6,0
10,20,16,9,17,16,23,15,11,11,12,19,14,9,7,8,6,9,6,0
0,3,2,1,3,1,5,3,3,0,7,11,11,2,3,7,10,18,19,0
0,3,2,1,3,1,5,3,3,0,7,11,11,2,3,7,10,18,19,0
10,4,10,8,5,3,3,5,0,5,5,5,5,3,7,6,8,9,9,0
10,4,10,8,5,3,3,5,0,5,5,5,5,3,7,6,8,9,9,0
10,4,10,8,5,3,3,5,0,5,5,5,5,3,7,6,8,9,9,0
10,4,10,8,5,3,3,5,0,5,5,5,5,3,7,6,8,9,9,0
13,11,13,4,8,6,7,8,2,5,5,4,2,1,2,2,1,1,1,0
13,11,13,4,8,6,7,8,2,5,5,4,2,1,2,2,1,1,1,0
13,11,13,4,8,6,7,8,2,5,5,4,2,1,2,2,1,1,1,0
13,11,13,4,8,6,7,8,2,5,5,4,2,1,2,2,1,1,1,0
13,11,13,4,8,6,7,8,2,5,5,4,2,1,2,2,1,1,1,0
13,11,13,4,8,6,7,8,2,5,5,4,2,1,2,2,1,1,1,0
0,5,8,9,5,8,1,10,3,8,9,8,5,0,6,1,3,3,6,0
0,5,8,9,5,8,1,10,3,8,9,8,5,0,6,1,3,3,6,0
0,5,8,9,5,8,1,10,3,8,9,8,5,0,6,1,3,3,6,0
0,0,2,2,4,11,6,5,4,8,12,10,6,3,3,5,5,2,4,0
0,0,2,2,4,11,6,5,4,8,12,10,6,3,3,5,5,2,4,0
0,2,4,0,8,1,7,4,3,4,6,5,8,4,5,5,6,16,9,0
0,2,4,0,8,1,7,4,3,4,6,5,8,4,5,5,6,16,9,0
1,2,6,0,5,6,8,2,9,13,6,9,11,6,7,3,7,4,3,0
1,2,6,0,5,6,8,2,9,13,6,9,11,6,7,3,7,4,3,0
1,2,6,0,5,6,8,2,9,13,6,9,11,6,7,3,7,4,3,0
1,2,6,0,5,6,8,2,9,13,6,9,11,6,7,3,7,4,3,0
1,2,6,0,5,6,8,2,9,13,6,9,11,6,7,3,7,4,3,0
1,2,6,0,5,6,8,2,9,13,6,9,11,6,7,3,7,4,3,0
2,3,3,15,7,10,10,2,6,6,5,9,3,3,5,1,4,3,1,0
2,3,3,15,7,10,10,2,6,6,5,9,3,3,5,1,4,3,1,0
2,3,3,15,7,10,10,2,6,6,5,9,3,3,5,1,4,3,1,0
2,3,3,15,7,10,10,2,6,6,5,9,3,3,5,1,4,3,1,0
2,10,25,13,11,8,13,9,5,12,9,7,3,0,0,1,1,2,2,0
2,10,25,13,11,8,13,9,5,12,9,7,3,0,0,1,1,2,2,0
2,10,25,13,11,8,13,9,5,12,9,7,3,0,0,1,1,2,2,0
2,10,25,13,11,8,13,9,5,12,9,7,3,0,0,1,1,2,2,0
2,10,25,13,11,8,13,9,5,12,9,7,3,0,0,1,1,2,2,0
2,10,25,13,11,8,13,9,5,12,9,7,3,0,0,1,1,2,2,0
2,10,25,13,11,8,13,9,5,12,9,7,3,0,0,1,1,2,2,0
2,10,25,13,11,8,13,9,5,12,9,7,3,0,0,1,1,2,2,0
2,10,25,13,11,8,13,9,5,12,9,7,3,0,0,1,1,2,2,0
2,10,25,13,11,8,13,9,5,12,9,7,3,0,0,1,1,2,2,0
2,10,25,13,11,8,13,9,5,12,9,7,3,0,0,1,1,2,2,0
2,10,25,13,11,8,13,9,5,12,9,7,3,0,0,1,1,2,2,0
2,10,25,13,11,8,13,9,5,12,9,7,3,0,0,1,1,2,2,0
4,7,4,3,6,1,14,1,5,6,8,13,7,1,4,2,5,9,11,0
4,7,4,3,6,1,14,1,5,6,8,13,7,1,4,2,5,9,11,0
4,7,4,3,6,1,14,1,5,6,8,13,7,1,4,2,5,9,11,0
4,7,4,3,6,1,14,1,5,6,8,13,7,1,4,2,5,9,11,0
8,10,13,5,11,4,7,4,6,7,5,8,4,4,3,5,9,3,3,0
8,10,13,5,11,4,7,4,6,7,5,8,4,4,3,5,9,3,3,0
8,10,13,5,11,4,7,4,6,7,5,8,4,4,3,5,9,3,3,0
8,10,13,5,11,4,7,4,6,7,5,8,4,4,3,5,9,3,3,0
8,10,13,5,11,4,7,4,6,7,5,8,4,4,3,5,9,3,3,0
8,10,13,5,11,4,7,4,6,7,5,8,4,4,3,5,9,3,3,0
8,10,13,5,11,4,7,4,6,7,5,8,4,4,3,5,9,3,3,0
8,10,13,5,11,4,7,4,6,7,5,8,4,4,3,5,9,3,3,0
0,0,0,0,3,1,5,5,6,10,5,14,6,7,6,4,11,14,10,0
0,0,0,0,3,1,5,5,6,10,5,14,6,7,6,4,11,14,10,0
0,0,0,0,3,1,5,5,6,10,5,14,6,7,6,4,11,14,10,0
6,8,10,3,8,8,10,9,11,13,32,41,53,21,34,21,49,53,61,1
6,8,10,3,8,8,10,9,11,13,32,41,53,21,34,21,49,53,61,1
6,8,10,3,8,8,10,9,11,13,32,41,53,21,34,21,49,53,61,1
6,8,10,3,8,8,10,9,11,13,32,41,53,21,34,21,49,53,61,1
6,8,10,3,8,8,10,9,11,13,32,41,53,21,34,21,49,53,61,1
6,8,10,3,8,8,10,9,11,13,32,41,53,21,34,21,49,53,61,1
6,8,10,3,8,8,10,9,11,13,32,41,53,21,34,21,49,53,61,1
6,8,10,3,8,8,10,9,11,13,32,41,53,21,34,21,49,53,61,1
6,8,10,3,8,8,10,9,11,13,32,41,53,21,34,21,49,53,61,1
6,8,10,3,8,8,10,9,11,13,32,41,53,21,34,21,49,53,61,1
2,4,5,2,14,2,5,3,9,5,14,11,2,4,4,0,5,2,0,0
2,4,5,2,14,2,5,3,9,5,14,11,2,4,4,0,5,2,0,0
2,4,5,2,14,2,5,3,9,5,14,11,2,4,4,0,5,2,0,0
2,4,5,2,14,2,5,3,9,5,14,11,2,4,4,0,5,2,0,0
8,24,29,18,35,26,49,34,25,28,21,20,22,3,4,5,4,10,6,0
8,24,29,18,35,26,49,34,25,28,21,20,22,3,4,5,4,10,6,0
8,24,29,18,35,26,49,34,25,28,21,20,22,3,4,5,4,10,6,0
8,24,29,18,35,26,49,34,25,28,21,20,22,3,4,5,4,10,6,0
8,24,29,18,35,26,49,34,25,28,21,20,22,3,4,5,4,10,6,0
8,24,29,18,35,26,49,34,25,28,21,20,22,3,4,5,4,10,6,0
8,24,29,18,35,26,49,34,25,28,21,20,22,3,4,5,4,10,6,0
8,24,29,18,35,26,49,34,25,28,21,20,22,3,4,5,4,10,6,0
8,24,29,18,35,26,49,34,25,28,21,20,22,3,4,5,4,10,6,0
8,24,29,18,35,26,49,34,25,28,21,20,22,3,4,5,4,10,6,0
8,24,29,18,35,26,49,34,25,28,21,20,22,3,4,5,4,10,6,0
8,24,29,18,35,26,49,34,25,28,21,20,22,3,4,5,4,10,6,0
8,24,29,18,35,26,49,34,25,28,21,20,22,3,4,5,4,10,6,0
8,24,29,18,35,26,49,34,25,28,21,20,22,3,4,5,4,10,6,0
8,24,29,18,35,26,49,34,25,28,21,20,22,3,4,5,4,10,6,0
8,24,29,18,35,26,49,34,25,28,21,20,22,3,4,5,4,10,6,0
0,0,2,2,5,3,9,10,6,11,4,12,5,0,7,2,10,10,5,0
0,0,2,2,5,3,9,10,6,11,4,12,5,0,7,2,10,10,5,0
0,0,2,2,5,3,9,10,6,11,4,12,5,0,7,2,10,10,5,0
0,2,2,0,2,0,2,4,7,9,8,13,12,12,6,4,7,16,15,0
0,2,2,0,2,0,2,4,7,9,8,13,12,12,6,4,7,16,15,0
0,2,2,0,2,0,2,4,7,9,8,13,12,12,6,4,7,16,15,0
0,0,6,7,6,11,12,9,8,9,5,10,15,1,3,0,0,7,1,0
0,0,6,7,6,11,12,9,8,9,5,10,15,1,3,0,0,7,1,0
0,0,6,7,6,11,12,9,8,9,5,10,15,1,3,0,0,7,1,0
0,0,6,7,6,11,12,9,8,9,5,10,15,1,3,0,0,7,1,0
0,0,6,7,6,11,12,9,8,9,5,10,15,1,3,0,0,7,1,0
0,0,6,7,6,11,12,9,8,9,5,10,15,1,3,0,0,7,1,0
0,0,6,7,6,11,12,9,8,9,5,10,15,1,3,0,0,7,1,0
0,0,6,7,6,11,12,9,8,9,5,10,15,1,3,0,0,7,1,0
0,0,3,0,14,2,5,7,7,11,12,28,13,5,7,4,3,12,15,0
0,0,3,0,14,2,5,7,7,11,12,28,13,5,7,4,3,12,15,0
0,0,3,0,14,2,5,7,7,11,12,28,13,5,7,4,3,12,15,0
0,0,3,0,14,2,5,7,7,11,12,28,13,5,7,4,3,12,15,0
0,0,3,0,14,2,5,7,7,11,12,28,13,5,7,4,3,12,15,0
0,0,3,0,14,2,5,7,7,11,12,28,13,5,7,4,3,12,15,0
0,0,3,0,14,2,5,7,7,11,12,28,13,5,7,4,3,12,15,0
0,0,3,0,14,2,5,7,7,11,12,28,13,5,7,4,3,12,15,0
0,2,14,8,19,13,6,5,7,7,4,5,3,7,1,3,3,1,2,0
0,2,14,8,19,13,6,5,7,7,4,5,3,7,1,3,3,1,2,0
0,2,14,8,19,13,6,5,7,7,4,5,3,7,1,3,3,1,2,0
0,2,14,8,19,13,6,5,7,7,4,5,3,7,1,3,3,1,2,0
0,2,14,8,19,13,6,5,7,7,4,5,3,7,1,3,3,1,2,0
0,2,14,8,19,13,6,5,7,7,4,5,3,7,1,3,3,1,2,0
0,2,14,8,19,13,6,5,7,7,4,5,3,7,1,3,3,1,2,0
0,2,14,8,19,13,6,5,7,7,4,5,3,7,1,3,3,1,2,0
0,1,15,17,27,17,16,15,12,6,12,6,5,4,3,1,4,3,3,0
0,1,15,17,27,17,16,15,12,6,12,6,5,4,3,1,4,3,3,0
0,1,15,17,27,17,16,15,12,6,12,6,5,4,3,1,4,3,3,0
0,1,15,17,27,17,16,15,12,6,12,6,5,4,3,1,4,3,3,0
0,1,15,17,27,17,16,15,12,6,12,6,5,4,3,1,4,3,3,0
0,1,15,17,27,17,16,15,12,6,12,6,5,4,3,1,4,3,3,0
0,1,15,17,27,17,16,15,12,6,12,6,5,4,3,1,4,3,3,0
0,1,15,17,27,17,16,15,12,6,12,6,5,4,3,1,4,3,3,0
0,1,15,17,27,17,16,15,12,6,12,6,5,4,3,1,4,3,3,0
0,1,15,17,27,17,16,15,12,6,12,6,5,4,3,1,4,3,3,0
0,1,15,17,27,17,16,15,12,6,12,6,5,4,3,1,4,3,3,0
0,1,15,17,27,17,16,15,12,6,12,6,5,4,3,1,4,3,3,0
0,1,15,17,27,17,16,15,12,6,12,6,5,4,3,1,4,3,3,0
0,1,15,17,27,17,16,15,12,6,12,6,5,4,3,1,4,3,3,0
0,2,10,13,9,5,10,11,7,2,5,10,2,1,0,4,5,0,4,0
0,2,10,13,9,5,10,11,7,2,5,10,2,1,0,4,5,0,4,0
0,2,10,13,9,5,10,11,7,2,5,10,2,1,0,4,5,0,4,0
0,2,10,13,9,5,10,11,7,2,5,10,2,1,0,4,5,0,4,0
0,2,10,13,9,5,10,11,7,2,5,10,2,1,0,4,5,0,4,0
4,6,12,3,12,9,8,6,1,1,9,13,9,3,2,2,6,2,2,0
4,6,12,3,12,9,8,6,1,1,9,13,9,3,2,2,6,2,2,0
4,6,12,3,12,9,8,6,1,1,9,13,9,3,2,2,6,2,2,0
4,6,12,3,12,9,8,6,1,1,9,13,9,3,2,2,6,2,2,0
4,6,12,3,12,9,8,6,1,1,9,13,9,3,2,2,6,2,2,0
4,6,12,3,12,9,8,6,1,1,9,13,9,3,2,2,6,2,2,0
4,6,12,3,12,9,8,6,1,1,9,13,9,3,2,2,6,2,2,0
4,6,12,3,12,9,8,6,1,1,9,13,9,3,2,2,6,2,2,0
1,0,4,2,5,3,8,10,5,4,10,6,10,2,3,4,6,9,10,0
1,0,4,2,5,3,8,10,5,4,10,6,10,2,3,4,6,9,10,0
1,0,4,2,5,3,8,10,5,4,10,6,10,2,3,4,6,9,10,0
4,4,7,4,15,6,14,1,14,14,17,16,6,5,4,2,10,7,7,0
4,4,7,4,15,6,14,1,14,14,17,16,6,5,4,2,10,7,7,0
4,4,7,4,15,6,14,1,14,14,17,16,6,5,4,2,10,7,7,0
4,4,7,4,15,6,14,1,14,14,17,16,6,5,4,2,10,7,7,0
4,4,7,4,15,6,14,1,14,14,17,16,6,5,4,2,10,7,7,0
4,4,7,4,15,6,14,1,14,14,17,16,6,5,4,2,10,7,7,0
4,4,7,4,15,6,14,1,14,14,17,16,6,5,4,2,10,7,7,0
4,4,7,4,15,6,14,1,14,14,17,16,6,5,4,2,10,7,7,0
4,4,7,4,15,6,14,1,14,14,17,16,6,5,4,2,10,7,7,0
4,4,7,4,15,6,14,1,14,14,17,16,6,5,4,2,10,7,7,0
0,1,5,0,2,1,10,0,8,3,1,7,7,3,4,6,9,14,11,0
0,1,5,0,2,1,10,0,8,3,1,7,7,3,4,6,9,14,11,0
0,1,0,3,3,1,16,4,7,4,5,4,4,5,5,12,16,8,17,0
0,1,0,3,3,1,16,4,7,4,5,4,4,5,5,12,16,8,17,0
0,1,0,3,3,1,16,4,7,4,5,4,4,5,5,12,16,8,17,0
0,1,0,1,0,1,9,8,2,7,14,17,19,8,14,20,17,30,24,1
0,1,0,1,0,1,9,8,2,7,14,17,19,8,14,20,17,30,24,1
0,1,0,1,0,1,9,8,2,7,14,17,19,8,14,20,17,30,24,1
0,1,0,1,0,1,9,8,2,7,14,17,19,8,14,20,17,30,24,1
0,1,0,1,0,1,9,8,2,7,14,17,19,8,14,20,17,30,24,1
0,1,0,1,0,1,9,8,2,7,14,17,19,8,14,20,17,30,24,1
1,5,8,10,31,12,15,11,11,19,14,24,14,3,7,3,6,17,14,0
1,5,8,10,31,12,15,11,11,19,14,24,14,3,7,3,6,17,14,0
1,5,8,10,31,12,15,11,11,19,14,24,14,3,7,3,6,17,14,0
1,5,8,10,31,12,15,11,11,19,14,24,14,3,7,3,6,17,14,0
1,5,8,10,31,12,15,11,11,19,14,24,14,3,7,3,6,17,14,0
1,5,8,10,31,12,15,11,11,19,14,24,14,3,7,3,6,17,14,0
1,5,8,10,31,12,15,11,11,19,14,24,14,3,7,3,6,17,14,0
1,5,8,10,31,12,15,11,11,19,14,24,14,3,7,3,6,17,14,0
1,5,8,10,31,12,15,11,11,19,14,24,14,3,7,3,6,17,14,0
1,5,8,10,31,12,15,11,11,19,14,24,14,3,7,3,6,17,14,0
1,5,8,10,31,12,15,11,11,19,14,24,14,3,7,3,6,17,14,0
1,5,8,10,31,12,15,11,11,19,14,24,14,3,7,3,6,17,14,0
1,5,8,10,31,12,15,11,11,19,14,24,14,3,7,3,6,17,14,0
1,2,10,5,12,3,11,4,9,10,13,13,6,1,5,2,6,12,6,0
1,2,10,5,12,3,11,4,9,10,13,13,6,1,5,2,6,12,6,0
1,2,10,5,12,3,11,4,9,10,13,13,6,1,5,2,6,12,6,0
1,2,10,5,12,3,11,4,9,10,13,13,6,1,5,2,6,12,6,0
1,2,10,5,12,3,11,4,9,10,13,13,6,1,5,2,6,12,6,0
1,2,10,5,12,3,11,4,9,10,13,13,6,1,5,2,6,12,6,0
1,2,10,5,12,3,11,4,9,10,13,13,6,1,5,2,6,12,6,0
1,2,10,5,12,3,11,4,9,10,13,13,6,1,5,2,6,12,6,0
1,2,10,5,12,3,11,4,9,10,13,13,6,1,5,2,6,12,6,0
13,8,6,4,6,3,6,5,3,5,12,12,14,7,4,4,6,8,14,0
13,8,6,4,6,3,6,5,3,5,12,12,14,7,4,4,6,8,14,0
13,8,6,4,6,3,6,5,3,5,12,12,14,7,4,4,6,8,14,0
13,8,6,4,6,3,6,5,3,5,12,12,14,7,4,4,6,8,14,0
13,8,6,4,6,3,6,5,3,5,12,12,14,7,4,4,6,8,14,0
13,8,6,4,6,3,6,5,3,5,12,12,14,7,4,4,6,8,14,0
13,8,6,4,6,3,6,5,3,5,12,12,14,7,4,4,6,8,14,0
13,8,6,4,6,3,6,5,3,5,12,12,14,7,4,4,6,8,14,0
0,0,0,0,4,1,5,4,2,11,14,14,15,16,7,11,12,19,11,1
0,0,0,0,4,1,5,4,2,11,14,14,15,16,7,11,12,19,11,1
0,0,0,0,4,1,5,4,2,11,14,14,15,16,7,11,12,19,11,1
0,0,0,0,4,1,5,4,2,11,14,14,15,16,7,11,12,19,11,1
0,0,0,0,4,1,5,4,2,11,14,14,15,16,7,11,12,19,11,1
0,0,0,0,4,1,5,4,2,11,14,14,15,16,7,11,12,19,11,1
16,12,7,7,8,6,14,18,9,5,14,12,17,5,15,11,15,22,21,0
16,12,7,7,8,6,14,18,9,5,14,12,17,5,15,11,15,22,21,0
16,12,7,7,8,6,14,18,9,5,14,12,17,5,15,11,15,22,21,0
16,12,7,7,8,6,14,18,9,5,14,12,17,5,15,11,15,22,21,0
16,12,7,7,8,6,14,18,9,5,14,12,17,5,15,11,15,22,21,0
16,12,7,7,8,6,14,18,9,5,14,12,17,5,15,11,15,22,21,0
16,12,7,7,8,6,14,18,9,5,14,12,17,5,15,11,15,22,21,0
16,12,7,7,8,6,14,18,9,5,14,12,17,5,15,11,15,22,21,0
16,12,7,7,8,6,14,18,9,5,14,12,17,5,15,11,15,22,21,0
16,12,7,7,8,6,14,18,9,5,14,12,17,5,15,11,15,22,21,0
16,12,7,7,8,6,14,18,9,5,14,12,17,5,15,11,15,22,21,0
16,12,7,7,8,6,14,18,9,5,14,12,17,5,15,11,15,22,21,0
0,0,0,0,5,0,6,3,3,3,6,9,6,2,7,12,14,14,29,0
0,0,0,0,5,0,6,3,3,3,6,9,6,2,7,12,14,14,29,0
5,1,6,1,26,1,11,4,8,7,4,5,5,3,3,1,3,2,1,0
5,1,6,1,26,1,11,4,8,7,4,5,5,3,3,1,3,2,1,0
5,1,6,1,26,1,11,4,8,7,4,5,5,3,3,1,3,2,1,0
5,1,6,1,26,1,11,4,8,7,4,5,5,3,3,1,3,2,1,0
5,1,6,1,26,1,11,4,8,7,4,5,5,3,3,1,3,2,1,0
0,4,12,6,19,1,8,3,7,8,10,4,8,4,3,5,12,13,11,1
0,4,12,6,19,1,8,3,7,8,10,4,8,4,3,5,12,13,11,1
0,4,12,6,19,1,8,3,7,8,10,4,8,4,3,5,12,13,11,1
0,4,12,6,19,1,8,3,7,8,10,4,8,4,3,5,12,13,11,1
0,4,12,6,19,1,8,3,7,8,10,4,8,4,3,5,12,13,11,1
0,4,12,6,19,1,8,3,7,8,10,4,8,4,3,5,12,13,11,1
0,4,12,6,19,1,8,3,7,8,10,4,8,4,3,5,12,13,11,1
0,0,0,1,1,1,1,6,3,5,13,13,20,10,18,11,27,33,27,0
0,0,0,1,1,1,1,6,3,5,13,13,20,10,18,11,27,33,27,0
0,0,0,1,1,1,1,6,3,5,13,13,20,10,18,11,27,33,27,0
0,0,0,1,1,1,1,6,3,5,13,13,20,10,18,11,27,33,27,0
0,0,0,1,1,1,1,6,3,5,13,13,20,10,18,11,27,33,27,0
0,0,0,1,1,1,1,6,3,5,13,13,20,10,18,11,27,33,27,0
16,8,6,6,9,2,18,6,18,14,11,9,4,5,4,3,3,7,2,0
16,8,6,6,9,2,18,6,18,14,11,9,4,5,4,3,3,7,2,0
16,8,6,6,9,2,18,6,18,14,11,9,4,5,4,3,3,7,2,0
16,8,6,6,9,2,18,6,18,14,11,9,4,5,4,3,3,7,2,0
16,8,6,6,9,2,18,6,18,14,11,9,4,5,4,3,3,7,2,0
16,8,6,6,9,2,18,6,18,14,11,9,4,5,4,3,3,7,2,0
16,8,6,6,9,2,18,6,18,14,11,9,4,5,4,3,3,7,2,0
16,8,6,6,9,2,18,6,18,14,11,9,4,5,4,3,3,7,2,0
16,8,6,6,9,2,18,6,18,14,11,9,4,5,4,3,3,7,2,0
16,8,6,6,9,2,18,6,18,14,11,9,4,5,4,3,3,7,2,0
16,8,6,6,9,2,18,6,18,14,11,9,4,5,4,3,3,7,2,0
17,14,5,8,5,4,6,0,2,8,5,5,2,3,4,1,1,3,1,0
17,14,5,8,5,4,6,0,2,8,5,5,2,3,4,1,1,3,1,0
17,14,5,8,5,4,6,0,2,8,5,5,2,3,4,1,1,3,1,0
8,0,6,10,8,2,3,1,4,7,9,6,7,3,4,1,5,7,7,0
8,0,6,10,8,2,3,1,4,7,9,6,7,3,4,1,5,7,7,0
8,0,6,10,8,2,3,1,4,7,9,6,7,3,4,1,5,7,7,0
3,0,2,4,5,4,3,0,5,7,11,4,9,10,5,1,6,7,12,0
3,0,2,4,5,4,3,0,5,7,11,4,9,10,5,1,6,7,12,0
0,0,0,0,0,0,0,0,0,0,0,1,0,4,3,10,19,21,41,0
0,0,0,0,0,0,0,0,0,0,0,1,0,4,3,10,19,21,41,0
0,0,0,0,0,0,0,0,0,0,0,0,8,11,13,15,23,37,17,0
0,0,0,0,0,0,0,0,0,0,0,0,8,11,13,15,23,37,17,0
0,0,0,0,0,0,0,0,0,0,0,0,8,11,13,15,23,37,17,0
0,0,0,0,0,0,0,0,0,0,0,1,1,1,13,15,20,30,27,0
0,0,0,0,0,0,0,0,0,0,0,1,1,1,13,15,20,30,27,0
1,4,4,0,1,1,4,5,3,3,12,10,9,9,5,7,13,22,16,0
1,4,4,0,1,1,4,5,3,3,12,10,9,9,5,7,13,22,16,0
1,4,4,0,1,1,4,5,3,3,12,10,9,9,5,7,13,22,16,0
1,4,4,0,1,1,4,5,3,3,12,10,9,9,5,7,13,22,16,0
7,10,9,8,10,4,7,4,6,4,3,14,6,3,3,6,5,6,6,0
7,10,9,8,10,4,7,4,6,4,3,14,6,3,3,6,5,6,6,0
7,10,9,8,10,4,7,4,6,4,3,14,6,3,3,6,5,6,6,0
7,10,9,8,10,4,7,4,6,4,3,14,6,3,3,6,5,6,6,0
7,10,9,8,10,4,7,4,6,4,3,14,6,3,3,6,5,6,6,0
7,10,9,8,10,4,7,4,6,4,3,14,6,3,3,6,5,6,6,0
7,10,9,8,10,4,7,4,6,4,3,14,6,3,3,6,5,6,6,0
7,10,9,8,10,4,7,4,6,4,3,14,6,3,3,6,5,6,6,0
0,0,0,0,1,2,0,0,2,0,4,17,16,4,4,5,18,36,29,0
0,0,0,0,1,2,0,0,2,0,4,17,16,4,4,5,18,36,29,0
0,0,0,0,1,2,0,0,2,0,4,17,16,4,4,5,18,36,29,0
0,0,0,0,0,0,2,2,8,4,3,5,8,7,14,14,22,43,40,0
0,0,0,0,0,0,2,2,8,4,3,5,8,7,14,14,22,43,40,0
0,0,0,0,0,0,2,2,8,4,3,5,8,7,14,14,22,43,40,0
0,0,0,0,2,2,6,6,9,7,12,11,14,16,8,10,9,21,14,1
0,0,0,0,2,2,6,6,9,7,12,11,14,16,8,10,9,21,14,1
0,0,0,0,2,2,6,6,9,7,12,11,14,16,8,10,9,21,14,1
0,0,0,0,2,2,6,6,9,7,12,11,14,16,8,10,9,21,14,1
0,0,0,0,2,2,6,6,9,7,12,11,14,16,8,10,9,21,14,1
0,0,0,0,2,2,6,6,9,7,12,11,14,16,8,10,9,21,14,1
0,0,0,0,0,0,4,7,7,14,29,27,43,33,28,57,69,111,124,0
0,0,0,0,0,0,4,7,7,14,29,27,43,33,28,57,69,111,124,0
0,0,0,0,0,0,4,7,7,14,29,27,43,33,28,57,69,111,124,0
0,0,0,0,0,0,4,7,7,14,29,27,43,33,28,57,69,111,124,0
0,0,0,0,0,0,4,7,7,14,29,27,43,33,28,57,69,111,124,0
0,0,0,0,0,0,4,7,7,14,29,27,43,33,28,57,69,111,124,0
0,0,0,0,0,0,4,7,7,14,29,27,43,33,28,57,69,111,124,0
0,0,0,0,0,0,4,7,7,14,29,27,43,33,28,57,69,111,124,0
9,4,7,5,10,3,14,1,5,10,17,17,10,5,13,7,8,15,13,0
9,4,7,5,10,3,14,1,5,10,17,17,10,5,13,7,8,15,13,0
9,4,7,5,10,3,14,1,5,10,17,17,10,5,13,7,8,15,13,0
9,4,7,5,10,3,14,1,5,10,17,17,10,5,13,7,8,15,13,0
9,4,7,5,10,3,14,1,5,10,17,17,10,5,13,7,8,15,13,0
9,4,7,5,10,3,14,1,5,10,17,17,10,5,13,7,8,15,13,0
9,4,7,5,10,3,14,1,5,10,17,17,10,5,13,7,8,15,13,0
9,4,7,5,10,3,14,1,5,10,17,17,10,5,13,7,8,15,13,0
9,4,7,5,10,3,14,1,5,10,17,17,10,5,13,7,8,15,13,0
0,0,0,0,0,1,1,4,2,9,6,3,11,7,8,12,15,19,20,0
0,0,0,0,0,1,1,4,2,9,6,3,11,7,8,12,15,19,20,0
0,0,0,0,0,1,1,4,2,9,6,3,11,7,8,12,15,19,20,0
0,0,0,0,0,0,0,0,4,1,4,4,4,6,6,17,14,13,19,0
0,0,0,0,0,0,0,0,4,1,4,4,4,6,6,17,14,13,19,0
0,0,0,0,3,5,13,10,8,13,8,9,4,5,3,6,5,6,2,0
0,0,0,0,3,5,13,10,8,13,8,9,4,5,3,6,5,6,2,0
0,0,0,0,3,5,13,10,8,13,8,9,4,5,3,6,5,6,2,0
0,0,0,0,3,5,13,10,8,13,8,9,4,5,3,6,5,6,2,0
0,0,0,0,0,0,6,2,6,11,15,12,15,5,13,10,7,17,14,0
0,0,0,0,0,0,6,2,6,11,15,12,15,5,13,10,7,17,14,0
0,0,0,0,0,0,6,2,6,11,15,12,15,5,13,10,7,17,14,0
0,0,0,0,0,0,6,2,6,11,15,12,15,5,13,10,7,17,14,0
0,0,0,0,0,0,6,2,6,11,15,12,15,5,13,10,7,17,14,0
1,2,1,1,3,0,1,2,3,1,3,19,17,3,4,8,9,20,29,0
1,2,1,1,3,0,1,2,3,1,3,19,17,3,4,8,9,20,29,0
1,2,1,1,3,0,1,2,3,1,3,19,17,3,4,8,9,20,29,0
0,0,0,0,0,0,2,1,5,2,9,5,13,5,10,15,16,23,12,0
0,0,0,0,0,0,2,1,5,2,9,5,13,5,10,15,16,23,12,0
0,0,0,0,0,0,2,1,5,2,9,5,13,5,10,15,16,23,12,0
0,0,0,0,0,0,3,0,0,1,2,2,9,1,3,22,7,39,15,0
0,0,0,0,0,0,3,0,0,1,2,2,9,1,3,22,7,39,15,0
0,0,0,0,2,3,7,5,3,11,11,13,10,9,6,5,12,11,12,0
0,0,0,0,2,3,7,5,3,11,11,13,10,9,6,5,12,11,12,0
0,0,0,0,2,3,7,5,3,11,11,13,10,9,6,5,12,11,12,0
0,0,0,0,2,3,7,5,3,11,11,13,10,9,6,5,12,11,12,0
6,2,5,4,3,3,10,4,10,12,5,10,3,5,7,0,4,7,9,0
6,2,5,4,3,3,10,4,10,12,5,10,3,5,7,0,4,7,9,0
6,2,5,4,3,3,10,4,10,12,5,10,3,5,7,0,4,7,9,0
6,2,5,4,3,3,10,4,10,12,5,10,3,5,7,0,4,7,9,0
0,0,0,0,0,3,4,3,8,13,15,9,10,10,9,7,2,9,6,0
0,0,0,0,0,3,4,3,8,13,15,9,10,10,9,7,2,9,6,0
0,0,0,0,0,3,4,3,8,13,15,9,10,10,9,7,2,9,6,0
0,0,0,0,0,3,4,3,8,13,15,9,10,10,9,7,2,9,6,0
0,0,0,0,0,3,4,3,8,13,15,9,10,10,9,7,2,9,6,0
0,0,0,0,5,8,9,6,3,11,13,15,8,1,4,3,7,2,5,0
0,0,0,0,5,8,9,6,3,11,13,15,8,1,4,3,7,2,5,0
0,0,0,0,5,8,9,6,3,11,13,15,8,1,4,3,7,2,5,0
0,0,0,0,5,8,9,6,3,11,13,15,8,1,4,3,7,2,5,0
0,0,0,0,0,0,1,4,5,7,10,12,7,3,9,10,7,10,9,0
0,0,0,0,0,0,1,4,5,7,10,12,7,3,9,10,7,10,9,0
0,0,0,0,1,1,0,0,2,3,3,2,17,8,4,12,18,17,11,0
0,0,0,0,1,1,0,0,2,3,3,2,17,8,4,12,18,17,11,0
0,0,0,1,2,1,7,3,2,8,7,6,4,5,5,7,12,17,8,0
0,0,0,1,2,1,7,3,2,8,7,6,4,5,5,7,12,17,8,0
0,0,0,0,4,8,8,9,10,11,6,7,9,8,3,3,2,6,3,0
0,0,0,0,4,8,8,9,10,11,6,7,9,8,3,3,2,6,3,0
0,0,0,0,4,8,8,9,10,11,6,7,9,8,3,3,2,6,3,0
0,0,0,0,6,6,13,7,5,9,5,9,5,5,4,4,7,5,4,0
0,0,0,0,6,6,13,7,5,9,5,9,5,5,4,4,7,5,4,0
0,0,0,0,0,0,4,7,9,1,4,7,17,3,7,10,8,4,10,0
0,0,0,0,0,0,4,7,9,1,4,7,17,3,7,10,8,4,10,0
0,0,0,0,0,1,7,4,13,13,13,14,10,15,6,9,17,12,13,0
0,0,0,0,0,1,7,4,13,13,13,14,10,15,6,9,17,12,13,0
0,0,0,0,0,1,7,4,13,13,13,14,10,15,6,9,17,12,13,0
0,0,0,0,0,1,7,4,13,13,13,14,10,15,6,9,17,12,13,0
0,0,0,0,0,1,7,4,13,13,13,14,10,15,6,9,17,12,13,0
0,0,0,0,0,1,7,4,13,13,13,14,10,15,6,9,17,12,13,0
0,0,0,0,0,0,6,3,10,5,10,8,17,9,18,33,25,43,40,0
0,0,0,0,0,0,6,3,10,5,10,8,17,9,18,33,25,43,40,0
0,0,0,0,0,0,6,3,10,5,10,8,17,9,18,33,25,43,40,0
0,0,0,0,0,0,6,3,10,5,10,8,17,9,18,33,25,43,40,0
0,0,0,0,0,0,6,3,10,5,10,8,17,9,18,33,25,43,40,0
0,0,0,0,1,2,4,1,8,10,11,22,16,5,6,2,1,4,5,0
0,0,0,0,1,2,4,1,8,10,11,22,16,5,6,2,1,4,5,0
0,0,0,0,1,2,4,1,8,10,11,22,16,5,6,2,1,4,5,0
0,0,0,0,0,5,14,9,13,13,9,9,9,4,2,4,7,6,5,0
0,0,0,0,0,5,14,9,13,13,9,9,9,4,2,4,7,6,5,0
0,0,0,0,0,5,14,9,13,13,9,9,9,4,2,4,7,6,5,0
0,0,0,0,0,5,14,9,13,13,9,9,9,4,2,4,7,6,5,0
0,0,0,0,0,5,14,9,13,13,9,9,9,4,2,4,7,6,5,0
0,0,0,0,0,3,11,4,7,11,9,5,8,6,12,2,6,3,5,0
0,0,0,0,0,3,11,4,7,11,9,5,8,6,12,2,6,3,5,0
0,0,0,0,4,11,12,13,24,20,17,10,9,15,5,13,13,18,20,0
0,0,0,0,4,11,12,13,24,20,17,10,9,15,5,13,13,18,20,0
0,0,0,0,4,11,12,13,24,20,17,10,9,15,5,13,13,18,20,0
0,0,0,0,4,11,12,13,24,20,17,10,9,15,5,13,13,18,20,0
0,0,0,0,4,11,12,13,24,20,17,10,9,15,5,13,13,18,20,0
0,0,0,0,4,11,12,13,24,20,17,10,9,15,5,13,13,18,20,0
0,0,0,0,4,11,12,13,24,20,17,10,9,15,5,13,13,18,20,0
0,0,0,0,4,11,12,13,24,20,17,10,9,15,5,13,13,18,20,0
0,0,0,0,4,11,12,13,24,20,17,10,9,15,5,13,13,18,20,0
0,0,0,0,4,11,12,13,24,20,17,10,9,15,5,13,13,18,20,0
1,2,5,6,19,9,12,8,4,15,14,27,18,3,17,13,19,18,17,0
1,2,5,6,19,9,12,8,4,15,14,27,18,3,17,13,19,18,17,0
1,2,5,6,19,9,12,8,4,15,14,27,18,3,17,13,19,18,17,0
1,2,5,6,19,9,12,8,4,15,14,27,18,3,17,13,19,18,17,0
1,2,5,6,19,9,12,8,4,15,14,27,18,3,17,13,19,18,17,0
1,2,5,6,19,9,12,8,4,15,14,27,18,3,17,13,19,18,17,0
1,2,5,6,19,9,12,8,4,15,14,27,18,3,17,13,19,18,17,0
1,2,5,6,19,9,12,8,4,15,14,27,18,3,17,13,19,18,17,0
1,2,5,6,19,9,12,8,4,15,14,27,18,3,17,13,19,18,17,0
1,2,5,6,19,9,12,8,4,15,14,27,18,3,17,13,19,18,17,0
0,0,0,0,0,0,2,4,3,12,13,10,14,8,21,10,14,27,10,0
0,0,0,0,0,0,2,4,3,12,13,10,14,8,21,10,14,27,10,0
0,0,0,0,0,0,2,4,3,12,13,10,14,8,21,10,14,27,10,0
0,0,0,0,0,0,2,4,3,12,13,10,14,8,21,10,14,27,10,0
0,0,0,0,0,0,2,4,3,12,13,10,14,8,21,10,14,27,10,0
0,0,0,1,1,1,0,0,0,2,7,16,10,4,5,12,12,36,25,1
0,0,0,1,1,1,0,0,0,2,7,16,10,4,5,12,12,36,25,1
0,0,0,1,1,1,0,0,0,2,7,16,10,4,5,12,12,36,25,1
0,0,0,0,0,0,0,0,0,0,2,11,19,20,8,6,9,10,11,0
0,0,0,0,0,0,0,0,0,0,2,11,19,20,8,6,9,10,11,0
0,0,0,0,0,0,0,0,0,0,1,11,15,8,6,16,15,18,16,0
0,0,0,0,0,0,0,0,0,0,1,11,15,8,6,16,15,18,16,0
0,0,0,0,0,0,0,0,0,0,0,4,16,13,10,13,20,24,25,0
0,0,0,0,0,0,0,0,0,0,0,4,16,13,10,13,20,24,25,0
0,0,0,0,0,0,0,0,0,0,0,4,16,13,10,13,20,24,25,0
0,0,0,0,0,0,1,3,5,21,19,28,41,29,33,35,41,48,59,0
0,0,0,0,0,0,1,3,5,21,19,28,41,29,33,35,41,48,59,0
0,0,0,0,0,0,1,3,5,21,19,28,41,29,33,35,41,48,59,0
0,0,0,0,0,0,1,3,5,21,19,28,41,29,33,35,41,48,59,0
0,0,0,0,0,0,1,3,5,21,19,28,41,29,33,35,41,48,59,0
0,0,0,0,0,0,1,3,5,21,19,28,41,29,33,35,41,48,59,0
0,0,0,0,0,0,1,3,5,21,19,28,41,29,33,35,41,48,59,0
0,0,0,0,0,0,1,3,5,21,19,28,41,29,33,35,41,48,59,0
0,0,0,0,0,2,5,3,9,12,13,22,15,12,7,13,17,20,19,0
0,0,0,0,0,2,5,3,9,12,13,22,15,12,7,13,17,20,19,0
0,0,0,0,0,2,5,3,9,12,13,22,15,12,7,13,17,20,19,0
0,0,0,0,0,2,5,3,9,12,13,22,15,12,7,13,17,20,19,0
0,0,0,0,0,2,5,3,9,12,13,22,15,12,7,13,17,20,19,0
0,0,0,0,0,2,5,3,9,12,13,22,15,12,7,13,17,20,19,0
0,0,0,0,0,2,5,3,9,12,13,22,15,12,7,13,17,20,19,0
2,0,5,1,5,0,4,1,4,6,8,9,6,9,4,12,10,7,11,0
2,0,5,1,5,0,4,1,4,6,8,9,6,9,4,12,10,7,11,0
2,0,5,1,5,0,4,1,4,6,8,9,6,9,4,12,10,7,11,0
0,0,0,0,3,1,11,12,14,23,21,22,8,6,6,9,12,13,8,0
0,0,0,0,3,1,11,12,14,23,21,22,8,6,6,9,12,13,8,0
0,0,0,0,3,1,11,12,14,23,21,22,8,6,6,9,12,13,8,0
0,0,0,0,3,1,11,12,14,23,21,22,8,6,6,9,12,13,8,0
0,0,0,0,3,1,11,12,14,23,21,22,8,6,6,9,12,13,8,0
0,0,0,0,3,1,11,12,14,23,21,22,8,6,6,9,12,13,8,0
0,0,0,0,3,1,11,12,14,23,21,22,8,6,6,9,12,13,8,0
0,0,0,0,3,1,11,12,14,23,21,22,8,6,6,9,12,13,8,0
0,0,0,0,3,1,11,12,14,23,21,22,8,6,6,9,12,13,8,0
0,0,0,0,0,0,6,5,12,7,21,35,33,15,25,20,19,45,37,0
0,0,0,0,0,0,6,5,12,7,21,35,33,15,25,20,19,45,37,0
0,0,0,0,0,0,6,5,12,7,21,35,33,15,25,20,19,45,37,0
0,0,0,0,0,0,6,5,12,7,21,35,33,15,25,20,19,45,37,0
0,0,0,0,0,0,6,5,12,7,21,35,33,15,25,20,19,45,37,0
0,0,0,0,0,0,6,5,12,7,21,35,33,15,25,20,19,45,37,0
0,0,0,0,0,0,6,5,12,7,21,35,33,15,25,20,19,45,37,0
0,0,0,0,0,0,6,5,12,7,21,35,33,15,25,20,19,45,37,0
0,0,0,0,0,0,0,0,0,0,6,10,20,5,11,14,18,35,53,0
0,0,0,0,0,0,0,0,0,0,6,10,20,5,11,14,18,35,53,0
0,0,0,0,0,0,0,0,0,0,6,10,20,5,11,14,18,35,53,0
